id,category,format,settings
sfx_0001,ui,ogg,q4
sfx_0002,amb,ogg,q4
sfx_0003,combat,ogg,q4
sfx_0004,ui,ogg,q4
sfx_0005,amb,ogg,q4
sfx_0006,combat,ogg,q4
sfx_0007,ui,ogg,q4
sfx_0008,amb,ogg,q4
sfx_0009,combat,ogg,q4
sfx_0010,ui,ogg,q4
sfx_0011,amb,ogg,q4
sfx_0012,combat,ogg,q4
sfx_0013,ui,ogg,q4
sfx_0014,amb,ogg,q4
sfx_0015,combat,ogg,q4
sfx_0016,ui,ogg,q4
sfx_0017,amb,ogg,q4
sfx_0018,combat,ogg,q4
sfx_0019,ui,ogg,q4
sfx_0020,amb,ogg,q4
sfx_0021,combat,ogg,q4
sfx_0022,ui,ogg,q4
sfx_0023,amb,ogg,q4
sfx_0024,combat,ogg,q4
sfx_0025,ui,ogg,q4
sfx_0026,amb,ogg,q4
sfx_0027,combat,ogg,q4
sfx_0028,ui,ogg,q4
sfx_0029,amb,ogg,q4
sfx_0030,combat,ogg,q4
sfx_0031,ui,ogg,q4
sfx_0032,amb,ogg,q4
sfx_0033,combat,ogg,q4
sfx_0034,ui,ogg,q4
sfx_0035,amb,ogg,q4
sfx_0036,combat,ogg,q4
sfx_0037,ui,ogg,q4
sfx_0038,amb,ogg,q4
sfx_0039,combat,ogg,q4
sfx_0040,ui,ogg,q4
sfx_0041,amb,ogg,q4
sfx_0042,combat,ogg,q4
sfx_0043,ui,ogg,q4
sfx_0044,amb,ogg,q4
sfx_0045,combat,ogg,q4
sfx_0046,ui,ogg,q4
sfx_0047,amb,ogg,q4
sfx_0048,combat,ogg,q4
sfx_0049,ui,ogg,q4
sfx_0050,amb,ogg,q4
sfx_0051,combat,ogg,q4
sfx_0052,ui,ogg,q4
sfx_0053,amb,ogg,q4
sfx_0054,combat,ogg,q4
sfx_0055,ui,ogg,q4
sfx_0056,amb,ogg,q4
sfx_0057,combat,ogg,q4
sfx_0058,ui,ogg,q4
sfx_0059,amb,ogg,q4
sfx_0060,combat,ogg,q4
sfx_0061,ui,ogg,q4
sfx_0062,amb,ogg,q4
sfx_0063,combat,ogg,q4
sfx_0064,ui,ogg,q4
sfx_0065,amb,ogg,q4
sfx_0066,combat,ogg,q4
sfx_0067,ui,ogg,q4
sfx_0068,amb,ogg,q4
sfx_0069,combat,ogg,q4
sfx_0070,ui,ogg,q4
sfx_0071,amb,ogg,q4
sfx_0072,combat,ogg,q4
sfx_0073,ui,ogg,q4
sfx_0074,amb,ogg,q4
sfx_0075,combat,ogg,q4
sfx_0076,ui,ogg,q4
sfx_0077,amb,ogg,q4
sfx_0078,combat,ogg,q4
sfx_0079,ui,ogg,q4
sfx_0080,amb,ogg,q4
sfx_0081,combat,ogg,q4
sfx_0082,ui,ogg,q4
sfx_0083,amb,ogg,q4
sfx_0084,combat,ogg,q4
sfx_0085,ui,ogg,q4
sfx_0086,amb,ogg,q4
sfx_0087,combat,ogg,q4
sfx_0088,ui,ogg,q4
sfx_0089,amb,ogg,q4
sfx_0090,combat,ogg,q4
sfx_0091,ui,ogg,q4
sfx_0092,amb,ogg,q4
sfx_0093,combat,ogg,q4
sfx_0094,ui,ogg,q4
sfx_0095,amb,ogg,q4
sfx_0096,combat,ogg,q4
sfx_0097,ui,ogg,q4
sfx_0098,amb,ogg,q4
sfx_0099,combat,ogg,q4
sfx_0100,ui,ogg,q4
sfx_0101,amb,ogg,q4
sfx_0102,combat,ogg,q4
sfx_0103,ui,ogg,q4
sfx_0104,amb,ogg,q4
sfx_0105,combat,ogg,q4
sfx_0106,ui,ogg,q4
sfx_0107,amb,ogg,q4
sfx_0108,combat,ogg,q4
sfx_0109,ui,ogg,q4
sfx_0110,amb,ogg,q4
sfx_0111,combat,ogg,q4
sfx_0112,ui,ogg,q4
sfx_0113,amb,ogg,q4
sfx_0114,combat,ogg,q4
sfx_0115,ui,ogg,q4
sfx_0116,amb,ogg,q4
sfx_0117,combat,ogg,q4
sfx_0118,ui,ogg,q4
sfx_0119,amb,ogg,q4
sfx_0120,combat,ogg,q4
sfx_0121,ui,ogg,q4
sfx_0122,amb,ogg,q4
sfx_0123,combat,ogg,q4
sfx_0124,ui,ogg,q4
sfx_0125,amb,ogg,q4
sfx_0126,combat,ogg,q4
sfx_0127,ui,ogg,q4
sfx_0128,amb,ogg,q4
sfx_0129,combat,ogg,q4
sfx_0130,ui,ogg,q4
sfx_0131,amb,ogg,q4
sfx_0132,combat,ogg,q4
sfx_0133,ui,ogg,q4
sfx_0134,amb,ogg,q4
sfx_0135,combat,ogg,q4
sfx_0136,ui,ogg,q4
sfx_0137,amb,ogg,q4
sfx_0138,combat,ogg,q4
sfx_0139,ui,ogg,q4
sfx_0140,amb,ogg,q4
sfx_0141,combat,ogg,q4
sfx_0142,ui,ogg,q4
sfx_0143,amb,ogg,q4
sfx_0144,combat,ogg,q4
sfx_0145,ui,ogg,q4
sfx_0146,amb,ogg,q4
sfx_0147,combat,ogg,q4
sfx_0148,ui,ogg,q4
sfx_0149,amb,ogg,q4
sfx_0150,combat,ogg,q4
sfx_0151,ui,ogg,q4
sfx_0152,amb,ogg,q4
sfx_0153,combat,ogg,q4
sfx_0154,ui,ogg,q4
sfx_0155,amb,ogg,q4
sfx_0156,combat,ogg,q4
sfx_0157,ui,ogg,q4
sfx_0158,amb,ogg,q4
sfx_0159,combat,ogg,q4
sfx_0160,ui,ogg,q4
sfx_0161,amb,ogg,q4
sfx_0162,combat,ogg,q4
sfx_0163,ui,ogg,q4
sfx_0164,amb,ogg,q4
sfx_0165,combat,ogg,q4
sfx_0166,ui,ogg,q4
sfx_0167,amb,ogg,q4
sfx_0168,combat,ogg,q4
sfx_0169,ui,ogg,q4
sfx_0170,amb,ogg,q4
sfx_0171,combat,ogg,q4
sfx_0172,ui,ogg,q4
sfx_0173,amb,ogg,q4
sfx_0174,combat,ogg,q4
sfx_0175,ui,ogg,q4
sfx_0176,amb,ogg,q4
sfx_0177,combat,ogg,q4
sfx_0178,ui,ogg,q4
sfx_0179,amb,ogg,q4
sfx_0180,combat,ogg,q4
sfx_0181,ui,ogg,q4
sfx_0182,amb,ogg,q4
sfx_0183,combat,ogg,q4
sfx_0184,ui,ogg,q4
sfx_0185,amb,ogg,q4
sfx_0186,combat,ogg,q4
sfx_0187,ui,ogg,q4
sfx_0188,amb,ogg,q4
sfx_0189,combat,ogg,q4
sfx_0190,ui,ogg,q4
sfx_0191,amb,ogg,q4
sfx_0192,combat,ogg,q4
sfx_0193,ui,ogg,q4
sfx_0194,amb,ogg,q4
sfx_0195,combat,ogg,q4
sfx_0196,ui,ogg,q4
sfx_0197,amb,ogg,q4
sfx_0198,combat,ogg,q4
sfx_0199,ui,ogg,q4
sfx_0200,amb,ogg,q4
sfx_0201,combat,ogg,q4
sfx_0202,ui,ogg,q4
sfx_0203,amb,ogg,q4
sfx_0204,combat,ogg,q4
sfx_0205,ui,ogg,q4
sfx_0206,amb,ogg,q4
sfx_0207,combat,ogg,q4
sfx_0208,ui,ogg,q4
sfx_0209,amb,ogg,q4
sfx_0210,combat,ogg,q4
sfx_0211,ui,ogg,q4
sfx_0212,amb,ogg,q4
sfx_0213,combat,ogg,q4
sfx_0214,ui,ogg,q4
sfx_0215,amb,ogg,q4
sfx_0216,combat,ogg,q4
sfx_0217,ui,ogg,q4
sfx_0218,amb,ogg,q4
sfx_0219,combat,ogg,q4
sfx_0220,ui,ogg,q4
sfx_0221,amb,ogg,q4
sfx_0222,combat,ogg,q4
sfx_0223,ui,ogg,q4
sfx_0224,amb,ogg,q4
sfx_0225,combat,ogg,q4
sfx_0226,ui,ogg,q4
sfx_0227,amb,ogg,q4
sfx_0228,combat,ogg,q4
sfx_0229,ui,ogg,q4
sfx_0230,amb,ogg,q4
sfx_0231,combat,ogg,q4
sfx_0232,ui,ogg,q4
sfx_0233,amb,ogg,q4
sfx_0234,combat,ogg,q4
sfx_0235,ui,ogg,q4
sfx_0236,amb,ogg,q4
sfx_0237,combat,ogg,q4
sfx_0238,ui,ogg,q4
sfx_0239,amb,ogg,q4
sfx_0240,combat,ogg,q4
sfx_0241,ui,ogg,q4
sfx_0242,amb,ogg,q4
sfx_0243,combat,ogg,q4
sfx_0244,ui,ogg,q4
sfx_0245,amb,ogg,q4
sfx_0246,combat,ogg,q4
sfx_0247,ui,ogg,q4
sfx_0248,amb,ogg,q4
sfx_0249,combat,ogg,q4
sfx_0250,ui,ogg,q4
sfx_0251,amb,ogg,q4
sfx_0252,combat,ogg,q4
sfx_0253,ui,ogg,q4
sfx_0254,amb,ogg,q4
sfx_0255,combat,ogg,q4
sfx_0256,ui,ogg,q4
sfx_0257,amb,ogg,q4
sfx_0258,combat,ogg,q4
sfx_0259,ui,ogg,q4
sfx_0260,amb,ogg,q4
sfx_0261,combat,ogg,q4
sfx_0262,ui,ogg,q4
sfx_0263,amb,ogg,q4
sfx_0264,combat,ogg,q4
sfx_0265,ui,ogg,q4
sfx_0266,amb,ogg,q4
sfx_0267,combat,ogg,q4
sfx_0268,ui,ogg,q4
sfx_0269,amb,ogg,q4
sfx_0270,combat,ogg,q4
sfx_0271,ui,ogg,q4
sfx_0272,amb,ogg,q4
sfx_0273,combat,ogg,q4
sfx_0274,ui,ogg,q4
sfx_0275,amb,ogg,q4
sfx_0276,combat,ogg,q4
sfx_0277,ui,ogg,q4
sfx_0278,amb,ogg,q4
sfx_0279,combat,ogg,q4
sfx_0280,ui,ogg,q4
sfx_0281,amb,ogg,q4
sfx_0282,combat,ogg,q4
sfx_0283,ui,ogg,q4
sfx_0284,amb,ogg,q4
sfx_0285,combat,ogg,q4
sfx_0286,ui,ogg,q4
sfx_0287,amb,ogg,q4
sfx_0288,combat,ogg,q4
sfx_0289,ui,ogg,q4
sfx_0290,amb,ogg,q4
sfx_0291,combat,ogg,q4
sfx_0292,ui,ogg,q4
sfx_0293,amb,ogg,q4
sfx_0294,combat,ogg,q4
sfx_0295,ui,ogg,q4
sfx_0296,amb,ogg,q4
sfx_0297,combat,ogg,q4
sfx_0298,ui,ogg,q4
sfx_0299,amb,ogg,q4
sfx_0300,combat,ogg,q4
sfx_0301,ui,ogg,q4
sfx_0302,amb,ogg,q4
sfx_0303,combat,ogg,q4
sfx_0304,ui,ogg,q4
sfx_0305,amb,ogg,q4
sfx_0306,combat,ogg,q4
sfx_0307,ui,ogg,q4
sfx_0308,amb,ogg,q4
sfx_0309,combat,ogg,q4
sfx_0310,ui,ogg,q4
sfx_0311,amb,ogg,q4
sfx_0312,combat,ogg,q4
sfx_0313,ui,ogg,q4
sfx_0314,amb,ogg,q4
sfx_0315,combat,ogg,q4
sfx_0316,ui,ogg,q4
sfx_0317,amb,ogg,q4
sfx_0318,combat,ogg,q4
sfx_0319,ui,ogg,q4
sfx_0320,amb,ogg,q4
sfx_0321,combat,ogg,q4
sfx_0322,ui,ogg,q4
sfx_0323,amb,ogg,q4
sfx_0324,combat,ogg,q4
sfx_0325,ui,ogg,q4
sfx_0326,amb,ogg,q4
sfx_0327,combat,ogg,q4
sfx_0328,ui,ogg,q4
sfx_0329,amb,ogg,q4
sfx_0330,combat,ogg,q4
sfx_0331,ui,ogg,q4
sfx_0332,amb,ogg,q4
sfx_0333,combat,ogg,q4
sfx_0334,ui,ogg,q4
sfx_0335,amb,ogg,q4
sfx_0336,combat,ogg,q4
sfx_0337,ui,ogg,q4
sfx_0338,amb,ogg,q4
sfx_0339,combat,ogg,q4
sfx_0340,ui,ogg,q4
sfx_0341,amb,ogg,q4
sfx_0342,combat,ogg,q4
sfx_0343,ui,ogg,q4
sfx_0344,amb,ogg,q4
sfx_0345,combat,ogg,q4
sfx_0346,ui,ogg,q4
sfx_0347,amb,ogg,q4
sfx_0348,combat,ogg,q4
sfx_0349,ui,ogg,q4
sfx_0350,amb,ogg,q4
sfx_0351,combat,ogg,q4
sfx_0352,ui,ogg,q4
sfx_0353,amb,ogg,q4
sfx_0354,combat,ogg,q4
sfx_0355,ui,ogg,q4
sfx_0356,amb,ogg,q4
sfx_0357,combat,ogg,q4
sfx_0358,ui,ogg,q4
sfx_0359,amb,ogg,q4
sfx_0360,combat,ogg,q4
sfx_0361,ui,ogg,q4
sfx_0362,amb,ogg,q4
sfx_0363,combat,ogg,q4
sfx_0364,ui,ogg,q4
sfx_0365,amb,ogg,q4
sfx_0366,combat,ogg,q4
sfx_0367,ui,ogg,q4
sfx_0368,amb,ogg,q4
sfx_0369,combat,ogg,q4
sfx_0370,ui,ogg,q4
sfx_0371,amb,ogg,q4
sfx_0372,combat,ogg,q4
sfx_0373,ui,ogg,q4
sfx_0374,amb,ogg,q4
sfx_0375,combat,ogg,q4
sfx_0376,ui,ogg,q4
sfx_0377,amb,ogg,q4
sfx_0378,combat,ogg,q4
sfx_0379,ui,ogg,q4
sfx_0380,amb,ogg,q4
sfx_0381,combat,ogg,q4
sfx_0382,ui,ogg,q4
sfx_0383,amb,ogg,q4
sfx_0384,combat,ogg,q4
sfx_0385,ui,ogg,q4
sfx_0386,amb,ogg,q4
sfx_0387,combat,ogg,q4
sfx_0388,ui,ogg,q4
sfx_0389,amb,ogg,q4
sfx_0390,combat,ogg,q4
sfx_0391,ui,ogg,q4
sfx_0392,amb,ogg,q4
sfx_0393,combat,ogg,q4
sfx_0394,ui,ogg,q4
sfx_0395,amb,ogg,q4
sfx_0396,combat,ogg,q4
sfx_0397,ui,ogg,q4
sfx_0398,amb,ogg,q4
sfx_0399,combat,ogg,q4
sfx_0400,ui,ogg,q4
sfx_0401,amb,ogg,q4
sfx_0402,combat,ogg,q4
sfx_0403,ui,ogg,q4
sfx_0404,amb,ogg,q4
sfx_0405,combat,ogg,q4
sfx_0406,ui,ogg,q4
sfx_0407,amb,ogg,q4
sfx_0408,combat,ogg,q4
sfx_0409,ui,ogg,q4
sfx_0410,amb,ogg,q4
sfx_0411,combat,ogg,q4
sfx_0412,ui,ogg,q4
sfx_0413,amb,ogg,q4
sfx_0414,combat,ogg,q4
sfx_0415,ui,ogg,q4
sfx_0416,amb,ogg,q4
sfx_0417,combat,ogg,q4
sfx_0418,ui,ogg,q4
sfx_0419,amb,ogg,q4
sfx_0420,combat,ogg,q4
sfx_0421,ui,ogg,q4
sfx_0422,amb,ogg,q4
sfx_0423,combat,ogg,q4
sfx_0424,ui,ogg,q4
sfx_0425,amb,ogg,q4
sfx_0426,combat,ogg,q4
sfx_0427,ui,ogg,q4
sfx_0428,amb,ogg,q4
sfx_0429,combat,ogg,q4
sfx_0430,ui,ogg,q4
sfx_0431,amb,ogg,q4
sfx_0432,combat,ogg,q4
sfx_0433,ui,ogg,q4
sfx_0434,amb,ogg,q4
sfx_0435,combat,ogg,q4
sfx_0436,ui,ogg,q4
sfx_0437,amb,ogg,q4
sfx_0438,combat,ogg,q4
sfx_0439,ui,ogg,q4
sfx_0440,amb,ogg,q4
sfx_0441,combat,ogg,q4
sfx_0442,ui,ogg,q4
sfx_0443,amb,ogg,q4
sfx_0444,combat,ogg,q4
sfx_0445,ui,ogg,q4
sfx_0446,amb,ogg,q4
sfx_0447,combat,ogg,q4
sfx_0448,ui,ogg,q4
sfx_0449,amb,ogg,q4
sfx_0450,combat,ogg,q4
sfx_0451,ui,ogg,q4
sfx_0452,amb,ogg,q4
sfx_0453,combat,ogg,q4
sfx_0454,ui,ogg,q4
sfx_0455,amb,ogg,q4
sfx_0456,combat,ogg,q4
sfx_0457,ui,ogg,q4
sfx_0458,amb,ogg,q4
sfx_0459,combat,ogg,q4
sfx_0460,ui,ogg,q4
sfx_0461,amb,ogg,q4
sfx_0462,combat,ogg,q4
sfx_0463,ui,ogg,q4
sfx_0464,amb,ogg,q4
sfx_0465,combat,ogg,q4
sfx_0466,ui,ogg,q4
sfx_0467,amb,ogg,q4
sfx_0468,combat,ogg,q4
sfx_0469,ui,ogg,q4
sfx_0470,amb,ogg,q4
sfx_0471,combat,ogg,q4
sfx_0472,ui,ogg,q4
sfx_0473,amb,ogg,q4
sfx_0474,combat,ogg,q4
sfx_0475,ui,ogg,q4
sfx_0476,amb,ogg,q4
sfx_0477,combat,ogg,q4
sfx_0478,ui,ogg,q4
sfx_0479,amb,ogg,q4
sfx_0480,combat,ogg,q4
sfx_0481,ui,ogg,q4
sfx_0482,amb,ogg,q4
sfx_0483,combat,ogg,q4
sfx_0484,ui,ogg,q4
sfx_0485,amb,ogg,q4
sfx_0486,combat,ogg,q4
sfx_0487,ui,ogg,q4
sfx_0488,amb,ogg,q4
sfx_0489,combat,ogg,q4
sfx_0490,ui,ogg,q4
sfx_0491,amb,ogg,q4
sfx_0492,combat,ogg,q4
sfx_0493,ui,ogg,q4
sfx_0494,amb,ogg,q4
sfx_0495,combat,ogg,q4
sfx_0496,ui,ogg,q4
sfx_0497,amb,ogg,q4
sfx_0498,combat,ogg,q4
sfx_0499,ui,ogg,q4
sfx_0500,amb,ogg,q4
sfx_0501,combat,ogg,q4
sfx_0502,ui,ogg,q4
sfx_0503,amb,ogg,q4
sfx_0504,combat,ogg,q4
sfx_0505,ui,ogg,q4
sfx_0506,amb,ogg,q4
sfx_0507,combat,ogg,q4
sfx_0508,ui,ogg,q4
sfx_0509,amb,ogg,q4
sfx_0510,combat,ogg,q4
sfx_0511,ui,ogg,q4
sfx_0512,amb,ogg,q4
sfx_0513,combat,ogg,q4
sfx_0514,ui,ogg,q4
sfx_0515,amb,ogg,q4
sfx_0516,combat,ogg,q4
sfx_0517,ui,ogg,q4
sfx_0518,amb,ogg,q4
sfx_0519,combat,ogg,q4
sfx_0520,ui,ogg,q4
sfx_0521,amb,ogg,q4
sfx_0522,combat,ogg,q4
sfx_0523,ui,ogg,q4
sfx_0524,amb,ogg,q4
sfx_0525,combat,ogg,q4
sfx_0526,ui,ogg,q4
sfx_0527,amb,ogg,q4
sfx_0528,combat,ogg,q4
sfx_0529,ui,ogg,q4
sfx_0530,amb,ogg,q4
sfx_0531,combat,ogg,q4
sfx_0532,ui,ogg,q4
sfx_0533,amb,ogg,q4
sfx_0534,combat,ogg,q4
sfx_0535,ui,ogg,q4
sfx_0536,amb,ogg,q4
sfx_0537,combat,ogg,q4
sfx_0538,ui,ogg,q4
sfx_0539,amb,ogg,q4
sfx_0540,combat,ogg,q4
sfx_0541,ui,ogg,q4
sfx_0542,amb,ogg,q4
sfx_0543,combat,ogg,q4
sfx_0544,ui,ogg,q4
sfx_0545,amb,ogg,q4
sfx_0546,combat,ogg,q4
sfx_0547,ui,ogg,q4
sfx_0548,amb,ogg,q4
sfx_0549,combat,ogg,q4
sfx_0550,ui,ogg,q4
sfx_0551,amb,ogg,q4
sfx_0552,combat,ogg,q4
sfx_0553,ui,ogg,q4
sfx_0554,amb,ogg,q4
sfx_0555,combat,ogg,q4
sfx_0556,ui,ogg,q4
sfx_0557,amb,ogg,q4
sfx_0558,combat,ogg,q4
sfx_0559,ui,ogg,q4
sfx_0560,amb,ogg,q4
sfx_0561,combat,ogg,q4
sfx_0562,ui,ogg,q4
sfx_0563,amb,ogg,q4
sfx_0564,combat,ogg,q4
sfx_0565,ui,ogg,q4
sfx_0566,amb,ogg,q4
sfx_0567,combat,ogg,q4
sfx_0568,ui,ogg,q4
sfx_0569,amb,ogg,q4
sfx_0570,combat,ogg,q4
sfx_0571,ui,ogg,q4
sfx_0572,amb,ogg,q4
sfx_0573,combat,ogg,q4
sfx_0574,ui,ogg,q4
sfx_0575,amb,ogg,q4
sfx_0576,combat,ogg,q4
sfx_0577,ui,ogg,q4
sfx_0578,amb,ogg,q4
sfx_0579,combat,ogg,q4
sfx_0580,ui,ogg,q4
sfx_0581,amb,ogg,q4
sfx_0582,combat,ogg,q4
sfx_0583,ui,ogg,q4
sfx_0584,amb,ogg,q4
sfx_0585,combat,ogg,q4
sfx_0586,ui,ogg,q4
sfx_0587,amb,ogg,q4
sfx_0588,combat,ogg,q4
sfx_0589,ui,ogg,q4
sfx_0590,amb,ogg,q4
sfx_0591,combat,ogg,q4
sfx_0592,ui,ogg,q4
sfx_0593,amb,ogg,q4
sfx_0594,combat,ogg,q4
sfx_0595,ui,ogg,q4
sfx_0596,amb,ogg,q4
sfx_0597,combat,ogg,q4
sfx_0598,ui,ogg,q4
sfx_0599,amb,ogg,q4
sfx_0600,combat,ogg,q4
sfx_0601,ui,ogg,q4
sfx_0602,amb,ogg,q4
sfx_0603,combat,ogg,q4
sfx_0604,ui,ogg,q4
sfx_0605,amb,ogg,q4
sfx_0606,combat,ogg,q4
sfx_0607,ui,ogg,q4
sfx_0608,amb,ogg,q4
sfx_0609,combat,ogg,q4
sfx_0610,ui,ogg,q4
sfx_0611,amb,ogg,q4
sfx_0612,combat,ogg,q4
sfx_0613,ui,ogg,q4
sfx_0614,amb,ogg,q4
sfx_0615,combat,ogg,q4
sfx_0616,ui,ogg,q4
sfx_0617,amb,ogg,q4
sfx_0618,combat,ogg,q4
sfx_0619,ui,ogg,q4
sfx_0620,amb,ogg,q4
sfx_0621,combat,ogg,q4
sfx_0622,ui,ogg,q4
sfx_0623,amb,ogg,q4
sfx_0624,combat,ogg,q4
sfx_0625,ui,ogg,q4
sfx_0626,amb,ogg,q4
sfx_0627,combat,ogg,q4
sfx_0628,ui,ogg,q4
sfx_0629,amb,ogg,q4
sfx_0630,combat,ogg,q4
sfx_0631,ui,ogg,q4
sfx_0632,amb,ogg,q4
sfx_0633,combat,ogg,q4
sfx_0634,ui,ogg,q4
sfx_0635,amb,ogg,q4
sfx_0636,combat,ogg,q4
sfx_0637,ui,ogg,q4
sfx_0638,amb,ogg,q4
sfx_0639,combat,ogg,q4
sfx_0640,ui,ogg,q4
sfx_0641,amb,ogg,q4
sfx_0642,combat,ogg,q4
sfx_0643,ui,ogg,q4
sfx_0644,amb,ogg,q4
sfx_0645,combat,ogg,q4
sfx_0646,ui,ogg,q4
sfx_0647,amb,ogg,q4
sfx_0648,combat,ogg,q4
sfx_0649,ui,ogg,q4
sfx_0650,amb,ogg,q4
sfx_0651,combat,ogg,q4
sfx_0652,ui,ogg,q4
sfx_0653,amb,ogg,q4
sfx_0654,combat,ogg,q4
sfx_0655,ui,ogg,q4
sfx_0656,amb,ogg,q4
sfx_0657,combat,ogg,q4
sfx_0658,ui,ogg,q4
sfx_0659,amb,ogg,q4
sfx_0660,combat,ogg,q4
sfx_0661,ui,ogg,q4
sfx_0662,amb,ogg,q4
sfx_0663,combat,ogg,q4
sfx_0664,ui,ogg,q4
sfx_0665,amb,ogg,q4
sfx_0666,combat,ogg,q4
sfx_0667,ui,ogg,q4
sfx_0668,amb,ogg,q4
sfx_0669,combat,ogg,q4
sfx_0670,ui,ogg,q4
sfx_0671,amb,ogg,q4
sfx_0672,combat,ogg,q4
sfx_0673,ui,ogg,q4
sfx_0674,amb,ogg,q4
sfx_0675,combat,ogg,q4
sfx_0676,ui,ogg,q4
sfx_0677,amb,ogg,q4
sfx_0678,combat,ogg,q4
sfx_0679,ui,ogg,q4
sfx_0680,amb,ogg,q4
sfx_0681,combat,ogg,q4
sfx_0682,ui,ogg,q4
sfx_0683,amb,ogg,q4
sfx_0684,combat,ogg,q4
sfx_0685,ui,ogg,q4
sfx_0686,amb,ogg,q4
sfx_0687,combat,ogg,q4
sfx_0688,ui,ogg,q4
sfx_0689,amb,ogg,q4
sfx_0690,combat,ogg,q4
sfx_0691,ui,ogg,q4
sfx_0692,amb,ogg,q4
sfx_0693,combat,ogg,q4
sfx_0694,ui,ogg,q4
sfx_0695,amb,ogg,q4
sfx_0696,combat,ogg,q4
sfx_0697,ui,ogg,q4
sfx_0698,amb,ogg,q4
sfx_0699,combat,ogg,q4
sfx_0700,ui,ogg,q4
sfx_0701,amb,ogg,q4
sfx_0702,combat,ogg,q4
sfx_0703,ui,ogg,q4
sfx_0704,amb,ogg,q4
sfx_0705,combat,ogg,q4
sfx_0706,ui,ogg,q4
sfx_0707,amb,ogg,q4
sfx_0708,combat,ogg,q4
sfx_0709,ui,ogg,q4
sfx_0710,amb,ogg,q4
sfx_0711,combat,ogg,q4
sfx_0712,ui,ogg,q4
sfx_0713,amb,ogg,q4
sfx_0714,combat,ogg,q4
sfx_0715,ui,ogg,q4
sfx_0716,amb,ogg,q4
sfx_0717,combat,ogg,q4
sfx_0718,ui,ogg,q4
sfx_0719,amb,ogg,q4
sfx_0720,combat,ogg,q4
sfx_0721,ui,ogg,q4
sfx_0722,amb,ogg,q4
sfx_0723,combat,ogg,q4
sfx_0724,ui,ogg,q4
sfx_0725,amb,ogg,q4
sfx_0726,combat,ogg,q4
sfx_0727,ui,ogg,q4
sfx_0728,amb,ogg,q4
sfx_0729,combat,ogg,q4
sfx_0730,ui,ogg,q4
sfx_0731,amb,ogg,q4
sfx_0732,combat,ogg,q4
sfx_0733,ui,ogg,q4
sfx_0734,amb,ogg,q4
sfx_0735,combat,ogg,q4
sfx_0736,ui,ogg,q4
sfx_0737,amb,ogg,q4
sfx_0738,combat,ogg,q4
sfx_0739,ui,ogg,q4
sfx_0740,amb,ogg,q4
sfx_0741,combat,ogg,q4
sfx_0742,ui,ogg,q4
sfx_0743,amb,ogg,q4
sfx_0744,combat,ogg,q4
sfx_0745,ui,ogg,q4
sfx_0746,amb,ogg,q4
sfx_0747,combat,ogg,q4
sfx_0748,ui,ogg,q4
sfx_0749,amb,ogg,q4
sfx_0750,combat,ogg,q4
sfx_0751,ui,ogg,q4
sfx_0752,amb,ogg,q4
sfx_0753,combat,ogg,q4
sfx_0754,ui,ogg,q4
sfx_0755,amb,ogg,q4
sfx_0756,combat,ogg,q4
sfx_0757,ui,ogg,q4
sfx_0758,amb,ogg,q4
sfx_0759,combat,ogg,q4
sfx_0760,ui,ogg,q4
sfx_0761,amb,ogg,q4
sfx_0762,combat,ogg,q4
sfx_0763,ui,ogg,q4
sfx_0764,amb,ogg,q4
sfx_0765,combat,ogg,q4
sfx_0766,ui,ogg,q4
sfx_0767,amb,ogg,q4
sfx_0768,combat,ogg,q4
sfx_0769,ui,ogg,q4
sfx_0770,amb,ogg,q4
sfx_0771,combat,ogg,q4
sfx_0772,ui,ogg,q4
sfx_0773,amb,ogg,q4
sfx_0774,combat,ogg,q4
sfx_0775,ui,ogg,q4
sfx_0776,amb,ogg,q4
sfx_0777,combat,ogg,q4
sfx_0778,ui,ogg,q4
sfx_0779,amb,ogg,q4
sfx_0780,combat,ogg,q4
sfx_0781,ui,ogg,q4
sfx_0782,amb,ogg,q4
sfx_0783,combat,ogg,q4
sfx_0784,ui,ogg,q4
sfx_0785,amb,ogg,q4
sfx_0786,combat,ogg,q4
sfx_0787,ui,ogg,q4
sfx_0788,amb,ogg,q4
sfx_0789,combat,ogg,q4
sfx_0790,ui,ogg,q4
sfx_0791,amb,ogg,q4
sfx_0792,combat,ogg,q4
sfx_0793,ui,ogg,q4
sfx_0794,amb,ogg,q4
sfx_0795,combat,ogg,q4
sfx_0796,ui,ogg,q4
sfx_0797,amb,ogg,q4
sfx_0798,combat,ogg,q4
sfx_0799,ui,ogg,q4
sfx_0800,amb,ogg,q4
sfx_0801,combat,ogg,q4
sfx_0802,ui,ogg,q4
sfx_0803,amb,ogg,q4
sfx_0804,combat,ogg,q4
sfx_0805,ui,ogg,q4
sfx_0806,amb,ogg,q4
sfx_0807,combat,ogg,q4
sfx_0808,ui,ogg,q4
sfx_0809,amb,ogg,q4
sfx_0810,combat,ogg,q4
sfx_0811,ui,ogg,q4
sfx_0812,amb,ogg,q4
sfx_0813,combat,ogg,q4
sfx_0814,ui,ogg,q4
sfx_0815,amb,ogg,q4
sfx_0816,combat,ogg,q4
sfx_0817,ui,ogg,q4
sfx_0818,amb,ogg,q4
sfx_0819,combat,ogg,q4
sfx_0820,ui,ogg,q4
sfx_0821,amb,ogg,q4
sfx_0822,combat,ogg,q4
sfx_0823,ui,ogg,q4
sfx_0824,amb,ogg,q4
sfx_0825,combat,ogg,q4
sfx_0826,ui,ogg,q4
sfx_0827,amb,ogg,q4
sfx_0828,combat,ogg,q4
sfx_0829,ui,ogg,q4
sfx_0830,amb,ogg,q4
sfx_0831,combat,ogg,q4
sfx_0832,ui,ogg,q4
sfx_0833,amb,ogg,q4
sfx_0834,combat,ogg,q4
sfx_0835,ui,ogg,q4
sfx_0836,amb,ogg,q4
sfx_0837,combat,ogg,q4
sfx_0838,ui,ogg,q4
sfx_0839,amb,ogg,q4
sfx_0840,combat,ogg,q4
sfx_0841,ui,ogg,q4
sfx_0842,amb,ogg,q4
sfx_0843,combat,ogg,q4
sfx_0844,ui,ogg,q4
sfx_0845,amb,ogg,q4
sfx_0846,combat,ogg,q4
sfx_0847,ui,ogg,q4
sfx_0848,amb,ogg,q4
sfx_0849,combat,ogg,q4
sfx_0850,ui,ogg,q4
sfx_0851,amb,ogg,q4
sfx_0852,combat,ogg,q4
sfx_0853,ui,ogg,q4
sfx_0854,amb,ogg,q4
sfx_0855,combat,ogg,q4
sfx_0856,ui,ogg,q4
sfx_0857,amb,ogg,q4
sfx_0858,combat,ogg,q4
sfx_0859,ui,ogg,q4
sfx_0860,amb,ogg,q4
sfx_0861,combat,ogg,q4
sfx_0862,ui,ogg,q4
sfx_0863,amb,ogg,q4
sfx_0864,combat,ogg,q4
sfx_0865,ui,ogg,q4
sfx_0866,amb,ogg,q4
sfx_0867,combat,ogg,q4
sfx_0868,ui,ogg,q4
sfx_0869,amb,ogg,q4
sfx_0870,combat,ogg,q4
sfx_0871,ui,ogg,q4
sfx_0872,amb,ogg,q4
sfx_0873,combat,ogg,q4
sfx_0874,ui,ogg,q4
sfx_0875,amb,ogg,q4
sfx_0876,combat,ogg,q4
sfx_0877,ui,ogg,q4
sfx_0878,amb,ogg,q4
sfx_0879,combat,ogg,q4
sfx_0880,ui,ogg,q4
sfx_0881,amb,ogg,q4
sfx_0882,combat,ogg,q4
sfx_0883,ui,ogg,q4
sfx_0884,amb,ogg,q4
sfx_0885,combat,ogg,q4
sfx_0886,ui,ogg,q4
sfx_0887,amb,ogg,q4
sfx_0888,combat,ogg,q4
sfx_0889,ui,ogg,q4
sfx_0890,amb,ogg,q4
sfx_0891,combat,ogg,q4
sfx_0892,ui,ogg,q4
sfx_0893,amb,ogg,q4
sfx_0894,combat,ogg,q4
sfx_0895,ui,ogg,q4
sfx_0896,amb,ogg,q4
sfx_0897,combat,ogg,q4
sfx_0898,ui,ogg,q4
sfx_0899,amb,ogg,q4
sfx_0900,combat,ogg,q4
sfx_0901,ui,ogg,q4
sfx_0902,amb,ogg,q4
sfx_0903,combat,ogg,q4
sfx_0904,ui,ogg,q4
sfx_0905,amb,ogg,q4
sfx_0906,combat,ogg,q4
sfx_0907,ui,ogg,q4
sfx_0908,amb,ogg,q4
sfx_0909,combat,ogg,q4
sfx_0910,ui,ogg,q4
sfx_0911,amb,ogg,q4
sfx_0912,combat,ogg,q4
sfx_0913,ui,ogg,q4
sfx_0914,amb,ogg,q4
sfx_0915,combat,ogg,q4
sfx_0916,ui,ogg,q4
sfx_0917,amb,ogg,q4
sfx_0918,combat,ogg,q4
sfx_0919,ui,ogg,q4
sfx_0920,amb,ogg,q4
sfx_0921,combat,ogg,q4
sfx_0922,ui,ogg,q4
sfx_0923,amb,ogg,q4
sfx_0924,combat,ogg,q4
sfx_0925,ui,ogg,q4
sfx_0926,amb,ogg,q4
sfx_0927,combat,ogg,q4
sfx_0928,ui,ogg,q4
sfx_0929,amb,ogg,q4
sfx_0930,combat,ogg,q4
sfx_0931,ui,ogg,q4
sfx_0932,amb,ogg,q4
sfx_0933,combat,ogg,q4
sfx_0934,ui,ogg,q4
sfx_0935,amb,ogg,q4
sfx_0936,combat,ogg,q4
sfx_0937,ui,ogg,q4
sfx_0938,amb,ogg,q4
sfx_0939,combat,ogg,q4
sfx_0940,ui,ogg,q4
sfx_0941,amb,ogg,q4
sfx_0942,combat,ogg,q4
sfx_0943,ui,ogg,q4
sfx_0944,amb,ogg,q4
sfx_0945,combat,ogg,q4
sfx_0946,ui,ogg,q4
sfx_0947,amb,ogg,q4
sfx_0948,combat,ogg,q4
sfx_0949,ui,ogg,q4
sfx_0950,amb,ogg,q4
sfx_0951,combat,ogg,q4
sfx_0952,ui,ogg,q4
sfx_0953,amb,ogg,q4
sfx_0954,combat,ogg,q4
sfx_0955,ui,ogg,q4
sfx_0956,amb,ogg,q4
sfx_0957,combat,ogg,q4
sfx_0958,ui,ogg,q4
sfx_0959,amb,ogg,q4
sfx_0960,combat,ogg,q4
sfx_0961,ui,ogg,q4
sfx_0962,amb,ogg,q4
sfx_0963,combat,ogg,q4
sfx_0964,ui,ogg,q4
sfx_0965,amb,ogg,q4
sfx_0966,combat,ogg,q4
sfx_0967,ui,ogg,q4
sfx_0968,amb,ogg,q4
sfx_0969,combat,ogg,q4
sfx_0970,ui,ogg,q4
sfx_0971,amb,ogg,q4
sfx_0972,combat,ogg,q4
sfx_0973,ui,ogg,q4
sfx_0974,amb,ogg,q4
sfx_0975,combat,ogg,q4
sfx_0976,ui,ogg,q4
sfx_0977,amb,ogg,q4
sfx_0978,combat,ogg,q4
sfx_0979,ui,ogg,q4
sfx_0980,amb,ogg,q4
sfx_0981,combat,ogg,q4
sfx_0982,ui,ogg,q4
sfx_0983,amb,ogg,q4
sfx_0984,combat,ogg,q4
sfx_0985,ui,ogg,q4
sfx_0986,amb,ogg,q4
sfx_0987,combat,ogg,q4
sfx_0988,ui,ogg,q4
sfx_0989,amb,ogg,q4
sfx_0990,combat,ogg,q4
sfx_0991,ui,ogg,q4
sfx_0992,amb,ogg,q4
sfx_0993,combat,ogg,q4
sfx_0994,ui,ogg,q4
sfx_0995,amb,ogg,q4
sfx_0996,combat,ogg,q4
sfx_0997,ui,ogg,q4
sfx_0998,amb,ogg,q4
sfx_0999,combat,ogg,q4
sfx_1000,ui,ogg,q4
sfx_1001,amb,ogg,q4
sfx_1002,combat,ogg,q4
sfx_1003,ui,ogg,q4
sfx_1004,amb,ogg,q4
sfx_1005,combat,ogg,q4
sfx_1006,ui,ogg,q4
sfx_1007,amb,ogg,q4
sfx_1008,combat,ogg,q4
sfx_1009,ui,ogg,q4
sfx_1010,amb,ogg,q4
sfx_1011,combat,ogg,q4
sfx_1012,ui,ogg,q4
sfx_1013,amb,ogg,q4
sfx_1014,combat,ogg,q4
sfx_1015,ui,ogg,q4
sfx_1016,amb,ogg,q4
sfx_1017,combat,ogg,q4
sfx_1018,ui,ogg,q4
sfx_1019,amb,ogg,q4
sfx_1020,combat,ogg,q4
sfx_1021,ui,ogg,q4
sfx_1022,amb,ogg,q4
sfx_1023,combat,ogg,q4
sfx_1024,ui,ogg,q4
sfx_1025,amb,ogg,q4
sfx_1026,combat,ogg,q4
sfx_1027,ui,ogg,q4
sfx_1028,amb,ogg,q4
sfx_1029,combat,ogg,q4
sfx_1030,ui,ogg,q4
sfx_1031,amb,ogg,q4
sfx_1032,combat,ogg,q4
sfx_1033,ui,ogg,q4
sfx_1034,amb,ogg,q4
sfx_1035,combat,ogg,q4
sfx_1036,ui,ogg,q4
sfx_1037,amb,ogg,q4
sfx_1038,combat,ogg,q4
sfx_1039,ui,ogg,q4
sfx_1040,amb,ogg,q4
sfx_1041,combat,ogg,q4
sfx_1042,ui,ogg,q4
sfx_1043,amb,ogg,q4
sfx_1044,combat,ogg,q4
sfx_1045,ui,ogg,q4
sfx_1046,amb,ogg,q4
sfx_1047,combat,ogg,q4
sfx_1048,ui,ogg,q4
sfx_1049,amb,ogg,q4
sfx_1050,combat,ogg,q4
sfx_1051,ui,ogg,q4
sfx_1052,amb,ogg,q4
sfx_1053,combat,ogg,q4
sfx_1054,ui,ogg,q4
sfx_1055,amb,ogg,q4
sfx_1056,combat,ogg,q4
sfx_1057,ui,ogg,q4
sfx_1058,amb,ogg,q4
sfx_1059,combat,ogg,q4
sfx_1060,ui,ogg,q4
sfx_1061,amb,ogg,q4
sfx_1062,combat,ogg,q4
sfx_1063,ui,ogg,q4
sfx_1064,amb,ogg,q4
sfx_1065,combat,ogg,q4
sfx_1066,ui,ogg,q4
sfx_1067,amb,ogg,q4
sfx_1068,combat,ogg,q4
sfx_1069,ui,ogg,q4
sfx_1070,amb,ogg,q4
sfx_1071,combat,ogg,q4
sfx_1072,ui,ogg,q4
sfx_1073,amb,ogg,q4
sfx_1074,combat,ogg,q4
sfx_1075,ui,ogg,q4
sfx_1076,amb,ogg,q4
sfx_1077,combat,ogg,q4
sfx_1078,ui,ogg,q4
sfx_1079,amb,ogg,q4
sfx_1080,combat,ogg,q4
sfx_1081,ui,ogg,q4
sfx_1082,amb,ogg,q4
sfx_1083,combat,ogg,q4
sfx_1084,ui,ogg,q4
sfx_1085,amb,ogg,q4
sfx_1086,combat,ogg,q4
sfx_1087,ui,ogg,q4
sfx_1088,amb,ogg,q4
sfx_1089,combat,ogg,q4
sfx_1090,ui,ogg,q4
sfx_1091,amb,ogg,q4
sfx_1092,combat,ogg,q4
sfx_1093,ui,ogg,q4
sfx_1094,amb,ogg,q4
sfx_1095,combat,ogg,q4
sfx_1096,ui,ogg,q4
sfx_1097,amb,ogg,q4
sfx_1098,combat,ogg,q4
sfx_1099,ui,ogg,q4
sfx_1100,amb,ogg,q4
sfx_1101,combat,ogg,q4
sfx_1102,ui,ogg,q4
sfx_1103,amb,ogg,q4
sfx_1104,combat,ogg,q4
sfx_1105,ui,ogg,q4
sfx_1106,amb,ogg,q4
sfx_1107,combat,ogg,q4
sfx_1108,ui,ogg,q4
sfx_1109,amb,ogg,q4
sfx_1110,combat,ogg,q4
sfx_1111,ui,ogg,q4
sfx_1112,amb,ogg,q4
sfx_1113,combat,ogg,q4
sfx_1114,ui,ogg,q4
sfx_1115,amb,ogg,q4
sfx_1116,combat,ogg,q4
sfx_1117,ui,ogg,q4
sfx_1118,amb,ogg,q4
sfx_1119,combat,ogg,q4
sfx_1120,ui,ogg,q4
sfx_1121,amb,ogg,q4
sfx_1122,combat,ogg,q4
sfx_1123,ui,ogg,q4
sfx_1124,amb,ogg,q4
sfx_1125,combat,ogg,q4
sfx_1126,ui,ogg,q4
sfx_1127,amb,ogg,q4
sfx_1128,combat,ogg,q4
sfx_1129,ui,ogg,q4
sfx_1130,amb,ogg,q4
sfx_1131,combat,ogg,q4
sfx_1132,ui,ogg,q4
sfx_1133,amb,ogg,q4
sfx_1134,combat,ogg,q4
sfx_1135,ui,ogg,q4
sfx_1136,amb,ogg,q4
sfx_1137,combat,ogg,q4
sfx_1138,ui,ogg,q4
sfx_1139,amb,ogg,q4
sfx_1140,combat,ogg,q4
sfx_1141,ui,ogg,q4
sfx_1142,amb,ogg,q4
sfx_1143,combat,ogg,q4
sfx_1144,ui,ogg,q4
sfx_1145,amb,ogg,q4
sfx_1146,combat,ogg,q4
sfx_1147,ui,ogg,q4
sfx_1148,amb,ogg,q4
sfx_1149,combat,ogg,q4
sfx_1150,ui,ogg,q4
sfx_1151,amb,ogg,q4
sfx_1152,combat,ogg,q4
sfx_1153,ui,ogg,q4
sfx_1154,amb,ogg,q4
sfx_1155,combat,ogg,q4
sfx_1156,ui,ogg,q4
sfx_1157,amb,ogg,q4
sfx_1158,combat,ogg,q4
sfx_1159,ui,ogg,q4
sfx_1160,amb,ogg,q4
sfx_1161,combat,ogg,q4
sfx_1162,ui,ogg,q4
sfx_1163,amb,ogg,q4
sfx_1164,combat,ogg,q4
sfx_1165,ui,ogg,q4
sfx_1166,amb,ogg,q4
sfx_1167,combat,ogg,q4
sfx_1168,ui,ogg,q4
sfx_1169,amb,ogg,q4
sfx_1170,combat,ogg,q4
sfx_1171,ui,ogg,q4
sfx_1172,amb,ogg,q4
sfx_1173,combat,ogg,q4
sfx_1174,ui,ogg,q4
sfx_1175,amb,ogg,q4
sfx_1176,combat,ogg,q4
sfx_1177,ui,ogg,q4
sfx_1178,amb,ogg,q4
sfx_1179,combat,ogg,q4
sfx_1180,ui,ogg,q4
sfx_1181,amb,ogg,q4
sfx_1182,combat,ogg,q4
sfx_1183,ui,ogg,q4
sfx_1184,amb,ogg,q4
sfx_1185,combat,ogg,q4
sfx_1186,ui,ogg,q4
sfx_1187,amb,ogg,q4
sfx_1188,combat,ogg,q4
sfx_1189,ui,ogg,q4
sfx_1190,amb,ogg,q4
sfx_1191,combat,ogg,q4
sfx_1192,ui,ogg,q4
sfx_1193,amb,ogg,q4
sfx_1194,combat,ogg,q4
sfx_1195,ui,ogg,q4
sfx_1196,amb,ogg,q4
sfx_1197,combat,ogg,q4
sfx_1198,ui,ogg,q4
sfx_1199,amb,ogg,q4
sfx_1200,combat,ogg,q4
sfx_1201,ui,ogg,q4
sfx_1202,amb,ogg,q4
sfx_1203,combat,ogg,q4
sfx_1204,ui,ogg,q4
sfx_1205,amb,ogg,q4
sfx_1206,combat,ogg,q4
sfx_1207,ui,ogg,q4
sfx_1208,amb,ogg,q4
sfx_1209,combat,ogg,q4
sfx_1210,ui,ogg,q4
sfx_1211,amb,ogg,q4
sfx_1212,combat,ogg,q4
sfx_1213,ui,ogg,q4
sfx_1214,amb,ogg,q4
sfx_1215,combat,ogg,q4
sfx_1216,ui,ogg,q4
sfx_1217,amb,ogg,q4
sfx_1218,combat,ogg,q4
sfx_1219,ui,ogg,q4
sfx_1220,amb,ogg,q4
sfx_1221,combat,ogg,q4
sfx_1222,ui,ogg,q4
sfx_1223,amb,ogg,q4
sfx_1224,combat,ogg,q4
sfx_1225,ui,ogg,q4
sfx_1226,amb,ogg,q4
sfx_1227,combat,ogg,q4
sfx_1228,ui,ogg,q4
sfx_1229,amb,ogg,q4
sfx_1230,combat,ogg,q4
sfx_1231,ui,ogg,q4
sfx_1232,amb,ogg,q4
sfx_1233,combat,ogg,q4
sfx_1234,ui,ogg,q4
sfx_1235,amb,ogg,q4
sfx_1236,combat,ogg,q4
sfx_1237,ui,ogg,q4
sfx_1238,amb,ogg,q4
sfx_1239,combat,ogg,q4
sfx_1240,ui,ogg,q4
sfx_1241,amb,ogg,q4
sfx_1242,combat,ogg,q4
sfx_1243,ui,ogg,q4
sfx_1244,amb,ogg,q4
sfx_1245,combat,ogg,q4
sfx_1246,ui,ogg,q4
sfx_1247,amb,ogg,q4
sfx_1248,combat,ogg,q4
sfx_1249,ui,ogg,q4
sfx_1250,amb,ogg,q4
sfx_1251,combat,ogg,q4
sfx_1252,ui,ogg,q4
sfx_1253,amb,ogg,q4
sfx_1254,combat,ogg,q4
sfx_1255,ui,ogg,q4
sfx_1256,amb,ogg,q4
sfx_1257,combat,ogg,q4
sfx_1258,ui,ogg,q4
sfx_1259,amb,ogg,q4
sfx_1260,combat,ogg,q4
sfx_1261,ui,ogg,q4
sfx_1262,amb,ogg,q4
sfx_1263,combat,ogg,q4
sfx_1264,ui,ogg,q4
sfx_1265,amb,ogg,q4
sfx_1266,combat,ogg,q4
sfx_1267,ui,ogg,q4
sfx_1268,amb,ogg,q4
sfx_1269,combat,ogg,q4
sfx_1270,ui,ogg,q4
sfx_1271,amb,ogg,q4
sfx_1272,combat,ogg,q4
sfx_1273,ui,ogg,q4
sfx_1274,amb,ogg,q4
sfx_1275,combat,ogg,q4
sfx_1276,ui,ogg,q4
sfx_1277,amb,ogg,q4
sfx_1278,combat,ogg,q4
sfx_1279,ui,ogg,q4
sfx_1280,amb,ogg,q4
sfx_1281,combat,ogg,q4
sfx_1282,ui,ogg,q4
sfx_1283,amb,ogg,q4
sfx_1284,combat,ogg,q4
sfx_1285,ui,ogg,q4
sfx_1286,amb,ogg,q4
sfx_1287,combat,ogg,q4
sfx_1288,ui,ogg,q4
sfx_1289,amb,ogg,q4
sfx_1290,combat,ogg,q4
sfx_1291,ui,ogg,q4
sfx_1292,amb,ogg,q4
sfx_1293,combat,ogg,q4
sfx_1294,ui,ogg,q4
sfx_1295,amb,ogg,q4
sfx_1296,combat,ogg,q4
sfx_1297,ui,ogg,q4
sfx_1298,amb,ogg,q4
sfx_1299,combat,ogg,q4
sfx_1300,ui,ogg,q4
sfx_1301,amb,ogg,q4
sfx_1302,combat,ogg,q4
sfx_1303,ui,ogg,q4
sfx_1304,amb,ogg,q4
sfx_1305,combat,ogg,q4
sfx_1306,ui,ogg,q4
sfx_1307,amb,ogg,q4
sfx_1308,combat,ogg,q4
sfx_1309,ui,ogg,q4
sfx_1310,amb,ogg,q4
sfx_1311,combat,ogg,q4
sfx_1312,ui,ogg,q4
sfx_1313,amb,ogg,q4
sfx_1314,combat,ogg,q4
sfx_1315,ui,ogg,q4
sfx_1316,amb,ogg,q4
sfx_1317,combat,ogg,q4
sfx_1318,ui,ogg,q4
sfx_1319,amb,ogg,q4
sfx_1320,combat,ogg,q4
sfx_1321,ui,ogg,q4
sfx_1322,amb,ogg,q4
sfx_1323,combat,ogg,q4
sfx_1324,ui,ogg,q4
sfx_1325,amb,ogg,q4
sfx_1326,combat,ogg,q4
sfx_1327,ui,ogg,q4
sfx_1328,amb,ogg,q4
sfx_1329,combat,ogg,q4
sfx_1330,ui,ogg,q4
sfx_1331,amb,ogg,q4
sfx_1332,combat,ogg,q4
sfx_1333,ui,ogg,q4
sfx_1334,amb,ogg,q4
sfx_1335,combat,ogg,q4
sfx_1336,ui,ogg,q4
sfx_1337,amb,ogg,q4
sfx_1338,combat,ogg,q4
sfx_1339,ui,ogg,q4
sfx_1340,amb,ogg,q4
sfx_1341,combat,ogg,q4
sfx_1342,ui,ogg,q4
sfx_1343,amb,ogg,q4
sfx_1344,combat,ogg,q4
sfx_1345,ui,ogg,q4
sfx_1346,amb,ogg,q4
sfx_1347,combat,ogg,q4
sfx_1348,ui,ogg,q4
sfx_1349,amb,ogg,q4
sfx_1350,combat,ogg,q4
sfx_1351,ui,ogg,q4
sfx_1352,amb,ogg,q4
sfx_1353,combat,ogg,q4
sfx_1354,ui,ogg,q4
sfx_1355,amb,ogg,q4
sfx_1356,combat,ogg,q4
sfx_1357,ui,ogg,q4
sfx_1358,amb,ogg,q4
sfx_1359,combat,ogg,q4
sfx_1360,ui,ogg,q4
sfx_1361,amb,ogg,q4
sfx_1362,combat,ogg,q4
sfx_1363,ui,ogg,q4
sfx_1364,amb,ogg,q4
sfx_1365,combat,ogg,q4
sfx_1366,ui,ogg,q4
sfx_1367,amb,ogg,q4
sfx_1368,combat,ogg,q4
sfx_1369,ui,ogg,q4
sfx_1370,amb,ogg,q4
sfx_1371,combat,ogg,q4
sfx_1372,ui,ogg,q4
sfx_1373,amb,ogg,q4
sfx_1374,combat,ogg,q4
sfx_1375,ui,ogg,q4
sfx_1376,amb,ogg,q4
sfx_1377,combat,ogg,q4
sfx_1378,ui,ogg,q4
sfx_1379,amb,ogg,q4
sfx_1380,combat,ogg,q4
sfx_1381,ui,ogg,q4
sfx_1382,amb,ogg,q4
sfx_1383,combat,ogg,q4
sfx_1384,ui,ogg,q4
sfx_1385,amb,ogg,q4
sfx_1386,combat,ogg,q4
sfx_1387,ui,ogg,q4
sfx_1388,amb,ogg,q4
sfx_1389,combat,ogg,q4
sfx_1390,ui,ogg,q4
sfx_1391,amb,ogg,q4
sfx_1392,combat,ogg,q4
sfx_1393,ui,ogg,q4
sfx_1394,amb,ogg,q4
sfx_1395,combat,ogg,q4
sfx_1396,ui,ogg,q4
sfx_1397,amb,ogg,q4
sfx_1398,combat,ogg,q4
sfx_1399,ui,ogg,q4
sfx_1400,amb,ogg,q4
sfx_1401,combat,ogg,q4
sfx_1402,ui,ogg,q4
sfx_1403,amb,ogg,q4
sfx_1404,combat,ogg,q4
sfx_1405,ui,ogg,q4
sfx_1406,amb,ogg,q4
sfx_1407,combat,ogg,q4
sfx_1408,ui,ogg,q4
sfx_1409,amb,ogg,q4
sfx_1410,combat,ogg,q4
sfx_1411,ui,ogg,q4
sfx_1412,amb,ogg,q4
sfx_1413,combat,ogg,q4
sfx_1414,ui,ogg,q4
sfx_1415,amb,ogg,q4
sfx_1416,combat,ogg,q4
sfx_1417,ui,ogg,q4
sfx_1418,amb,ogg,q4
sfx_1419,combat,ogg,q4
sfx_1420,ui,ogg,q4
sfx_1421,amb,ogg,q4
sfx_1422,combat,ogg,q4
sfx_1423,ui,ogg,q4
sfx_1424,amb,ogg,q4
sfx_1425,combat,ogg,q4
sfx_1426,ui,ogg,q4
sfx_1427,amb,ogg,q4
sfx_1428,combat,ogg,q4
sfx_1429,ui,ogg,q4
sfx_1430,amb,ogg,q4
sfx_1431,combat,ogg,q4
sfx_1432,ui,ogg,q4
sfx_1433,amb,ogg,q4
sfx_1434,combat,ogg,q4
sfx_1435,ui,ogg,q4
sfx_1436,amb,ogg,q4
sfx_1437,combat,ogg,q4
sfx_1438,ui,ogg,q4
sfx_1439,amb,ogg,q4
sfx_1440,combat,ogg,q4
sfx_1441,ui,ogg,q4
sfx_1442,amb,ogg,q4
sfx_1443,combat,ogg,q4
sfx_1444,ui,ogg,q4
sfx_1445,amb,ogg,q4
sfx_1446,combat,ogg,q4
sfx_1447,ui,ogg,q4
sfx_1448,amb,ogg,q4
sfx_1449,combat,ogg,q4
sfx_1450,ui,ogg,q4
sfx_1451,amb,ogg,q4
sfx_1452,combat,ogg,q4
sfx_1453,ui,ogg,q4
sfx_1454,amb,ogg,q4
sfx_1455,combat,ogg,q4
sfx_1456,ui,ogg,q4
sfx_1457,amb,ogg,q4
sfx_1458,combat,ogg,q4
sfx_1459,ui,ogg,q4
sfx_1460,amb,ogg,q4
sfx_1461,combat,ogg,q4
sfx_1462,ui,ogg,q4
sfx_1463,amb,ogg,q4
sfx_1464,combat,ogg,q4
sfx_1465,ui,ogg,q4
sfx_1466,amb,ogg,q4
sfx_1467,combat,ogg,q4
sfx_1468,ui,ogg,q4
sfx_1469,amb,ogg,q4
sfx_1470,combat,ogg,q4
sfx_1471,ui,ogg,q4
sfx_1472,amb,ogg,q4
sfx_1473,combat,ogg,q4
sfx_1474,ui,ogg,q4
sfx_1475,amb,ogg,q4
sfx_1476,combat,ogg,q4
sfx_1477,ui,ogg,q4
sfx_1478,amb,ogg,q4
sfx_1479,combat,ogg,q4
sfx_1480,ui,ogg,q4
sfx_1481,amb,ogg,q4
sfx_1482,combat,ogg,q4
sfx_1483,ui,ogg,q4
sfx_1484,amb,ogg,q4
sfx_1485,combat,ogg,q4
sfx_1486,ui,ogg,q4
sfx_1487,amb,ogg,q4
sfx_1488,combat,ogg,q4
sfx_1489,ui,ogg,q4
sfx_1490,amb,ogg,q4
sfx_1491,combat,ogg,q4
sfx_1492,ui,ogg,q4
sfx_1493,amb,ogg,q4
sfx_1494,combat,ogg,q4
sfx_1495,ui,ogg,q4
sfx_1496,amb,ogg,q4
sfx_1497,combat,ogg,q4
sfx_1498,ui,ogg,q4
sfx_1499,amb,ogg,q4
sfx_1500,combat,ogg,q4
sfx_1501,ui,ogg,q4
sfx_1502,amb,ogg,q4
sfx_1503,combat,ogg,q4
sfx_1504,ui,ogg,q4
sfx_1505,amb,ogg,q4
sfx_1506,combat,ogg,q4
sfx_1507,ui,ogg,q4
sfx_1508,amb,ogg,q4
sfx_1509,combat,ogg,q4
sfx_1510,ui,ogg,q4
sfx_1511,amb,ogg,q4
sfx_1512,combat,ogg,q4
sfx_1513,ui,ogg,q4
sfx_1514,amb,ogg,q4
sfx_1515,combat,ogg,q4
sfx_1516,ui,ogg,q4
sfx_1517,amb,ogg,q4
sfx_1518,combat,ogg,q4
sfx_1519,ui,ogg,q4
sfx_1520,amb,ogg,q4
sfx_1521,combat,ogg,q4
sfx_1522,ui,ogg,q4
sfx_1523,amb,ogg,q4
sfx_1524,combat,ogg,q4
sfx_1525,ui,ogg,q4
sfx_1526,amb,ogg,q4
sfx_1527,combat,ogg,q4
sfx_1528,ui,ogg,q4
sfx_1529,amb,ogg,q4
sfx_1530,combat,ogg,q4
sfx_1531,ui,ogg,q4
sfx_1532,amb,ogg,q4
sfx_1533,combat,ogg,q4
sfx_1534,ui,ogg,q4
sfx_1535,amb,ogg,q4
sfx_1536,combat,ogg,q4
sfx_1537,ui,ogg,q4
sfx_1538,amb,ogg,q4
sfx_1539,combat,ogg,q4
sfx_1540,ui,ogg,q4
sfx_1541,amb,ogg,q4
sfx_1542,combat,ogg,q4
sfx_1543,ui,ogg,q4
sfx_1544,amb,ogg,q4
sfx_1545,combat,ogg,q4
sfx_1546,ui,ogg,q4
sfx_1547,amb,ogg,q4
sfx_1548,combat,ogg,q4
sfx_1549,ui,ogg,q4
sfx_1550,amb,ogg,q4
sfx_1551,combat,ogg,q4
sfx_1552,ui,ogg,q4
sfx_1553,amb,ogg,q4
sfx_1554,combat,ogg,q4
sfx_1555,ui,ogg,q4
sfx_1556,amb,ogg,q4
sfx_1557,combat,ogg,q4
sfx_1558,ui,ogg,q4
sfx_1559,amb,ogg,q4
sfx_1560,combat,ogg,q4
sfx_1561,ui,ogg,q4
sfx_1562,amb,ogg,q4
sfx_1563,combat,ogg,q4
sfx_1564,ui,ogg,q4
sfx_1565,amb,ogg,q4
sfx_1566,combat,ogg,q4
sfx_1567,ui,ogg,q4
sfx_1568,amb,ogg,q4
sfx_1569,combat,ogg,q4
sfx_1570,ui,ogg,q4
sfx_1571,amb,ogg,q4
sfx_1572,combat,ogg,q4
sfx_1573,ui,ogg,q4
sfx_1574,amb,ogg,q4
sfx_1575,combat,ogg,q4
sfx_1576,ui,ogg,q4
sfx_1577,amb,ogg,q4
sfx_1578,combat,ogg,q4
sfx_1579,ui,ogg,q4
sfx_1580,amb,ogg,q4
sfx_1581,combat,ogg,q4
sfx_1582,ui,ogg,q4
sfx_1583,amb,ogg,q4
sfx_1584,combat,ogg,q4
sfx_1585,ui,ogg,q4
sfx_1586,amb,ogg,q4
sfx_1587,combat,ogg,q4
sfx_1588,ui,ogg,q4
sfx_1589,amb,ogg,q4
sfx_1590,combat,ogg,q4
sfx_1591,ui,ogg,q4
sfx_1592,amb,ogg,q4
sfx_1593,combat,ogg,q4
sfx_1594,ui,ogg,q4
sfx_1595,amb,ogg,q4
sfx_1596,combat,ogg,q4
sfx_1597,ui,ogg,q4
sfx_1598,amb,ogg,q4
sfx_1599,combat,ogg,q4
sfx_1600,ui,ogg,q4
sfx_1601,amb,ogg,q4
sfx_1602,combat,ogg,q4
sfx_1603,ui,ogg,q4
sfx_1604,amb,ogg,q4
sfx_1605,combat,ogg,q4
sfx_1606,ui,ogg,q4
sfx_1607,amb,ogg,q4
sfx_1608,combat,ogg,q4
sfx_1609,ui,ogg,q4
sfx_1610,amb,ogg,q4
sfx_1611,combat,ogg,q4
sfx_1612,ui,ogg,q4
sfx_1613,amb,ogg,q4
sfx_1614,combat,ogg,q4
sfx_1615,ui,ogg,q4
sfx_1616,amb,ogg,q4
sfx_1617,combat,ogg,q4
sfx_1618,ui,ogg,q4
sfx_1619,amb,ogg,q4
sfx_1620,combat,ogg,q4
sfx_1621,ui,ogg,q4
sfx_1622,amb,ogg,q4
sfx_1623,combat,ogg,q4
sfx_1624,ui,ogg,q4
sfx_1625,amb,ogg,q4
sfx_1626,combat,ogg,q4
sfx_1627,ui,ogg,q4
sfx_1628,amb,ogg,q4
sfx_1629,combat,ogg,q4
sfx_1630,ui,ogg,q4
sfx_1631,amb,ogg,q4
sfx_1632,combat,ogg,q4
sfx_1633,ui,ogg,q4
sfx_1634,amb,ogg,q4
sfx_1635,combat,ogg,q4
sfx_1636,ui,ogg,q4
sfx_1637,amb,ogg,q4
sfx_1638,combat,ogg,q4
sfx_1639,ui,ogg,q4
sfx_1640,amb,ogg,q4
sfx_1641,combat,ogg,q4
sfx_1642,ui,ogg,q4
sfx_1643,amb,ogg,q4
sfx_1644,combat,ogg,q4
sfx_1645,ui,ogg,q4
sfx_1646,amb,ogg,q4
sfx_1647,combat,ogg,q4
sfx_1648,ui,ogg,q4
sfx_1649,amb,ogg,q4
sfx_1650,combat,ogg,q4
sfx_1651,ui,ogg,q4
sfx_1652,amb,ogg,q4
sfx_1653,combat,ogg,q4
sfx_1654,ui,ogg,q4
sfx_1655,amb,ogg,q4
sfx_1656,combat,ogg,q4
sfx_1657,ui,ogg,q4
sfx_1658,amb,ogg,q4
sfx_1659,combat,ogg,q4
sfx_1660,ui,ogg,q4
sfx_1661,amb,ogg,q4
sfx_1662,combat,ogg,q4
sfx_1663,ui,ogg,q4
sfx_1664,amb,ogg,q4
sfx_1665,combat,ogg,q4
sfx_1666,ui,ogg,q4
sfx_1667,amb,ogg,q4
sfx_1668,combat,ogg,q4
sfx_1669,ui,ogg,q4
sfx_1670,amb,ogg,q4
sfx_1671,combat,ogg,q4
sfx_1672,ui,ogg,q4
sfx_1673,amb,ogg,q4
sfx_1674,combat,ogg,q4
sfx_1675,ui,ogg,q4
sfx_1676,amb,ogg,q4
sfx_1677,combat,ogg,q4
sfx_1678,ui,ogg,q4
sfx_1679,amb,ogg,q4
sfx_1680,combat,ogg,q4
sfx_1681,ui,ogg,q4
sfx_1682,amb,ogg,q4
sfx_1683,combat,ogg,q4
sfx_1684,ui,ogg,q4
sfx_1685,amb,ogg,q4
sfx_1686,combat,ogg,q4
sfx_1687,ui,ogg,q4
sfx_1688,amb,ogg,q4
sfx_1689,combat,ogg,q4
sfx_1690,ui,ogg,q4
sfx_1691,amb,ogg,q4
sfx_1692,combat,ogg,q4
sfx_1693,ui,ogg,q4
sfx_1694,amb,ogg,q4
sfx_1695,combat,ogg,q4
sfx_1696,ui,ogg,q4
sfx_1697,amb,ogg,q4
sfx_1698,combat,ogg,q4
sfx_1699,ui,ogg,q4
sfx_1700,amb,ogg,q4
sfx_1701,combat,ogg,q4
sfx_1702,ui,ogg,q4
sfx_1703,amb,ogg,q4
sfx_1704,combat,ogg,q4
sfx_1705,ui,ogg,q4
sfx_1706,amb,ogg,q4
sfx_1707,combat,ogg,q4
sfx_1708,ui,ogg,q4
sfx_1709,amb,ogg,q4
sfx_1710,combat,ogg,q4
sfx_1711,ui,ogg,q4
sfx_1712,amb,ogg,q4
sfx_1713,combat,ogg,q4
sfx_1714,ui,ogg,q4
sfx_1715,amb,ogg,q4
sfx_1716,combat,ogg,q4
sfx_1717,ui,ogg,q4
sfx_1718,amb,ogg,q4
sfx_1719,combat,ogg,q4
sfx_1720,ui,ogg,q4
sfx_1721,amb,ogg,q4
sfx_1722,combat,ogg,q4
sfx_1723,ui,ogg,q4
sfx_1724,amb,ogg,q4
sfx_1725,combat,ogg,q4
sfx_1726,ui,ogg,q4
sfx_1727,amb,ogg,q4
sfx_1728,combat,ogg,q4
sfx_1729,ui,ogg,q4
sfx_1730,amb,ogg,q4
sfx_1731,combat,ogg,q4
sfx_1732,ui,ogg,q4
sfx_1733,amb,ogg,q4
sfx_1734,combat,ogg,q4
sfx_1735,ui,ogg,q4
sfx_1736,amb,ogg,q4
sfx_1737,combat,ogg,q4
sfx_1738,ui,ogg,q4
sfx_1739,amb,ogg,q4
sfx_1740,combat,ogg,q4
sfx_1741,ui,ogg,q4
sfx_1742,amb,ogg,q4
sfx_1743,combat,ogg,q4
sfx_1744,ui,ogg,q4
sfx_1745,amb,ogg,q4
sfx_1746,combat,ogg,q4
sfx_1747,ui,ogg,q4
sfx_1748,amb,ogg,q4
sfx_1749,combat,ogg,q4
sfx_1750,ui,ogg,q4
sfx_1751,amb,ogg,q4
sfx_1752,combat,ogg,q4
sfx_1753,ui,ogg,q4
sfx_1754,amb,ogg,q4
sfx_1755,combat,ogg,q4
sfx_1756,ui,ogg,q4
sfx_1757,amb,ogg,q4
sfx_1758,combat,ogg,q4
sfx_1759,ui,ogg,q4
sfx_1760,amb,ogg,q4
sfx_1761,combat,ogg,q4
sfx_1762,ui,ogg,q4
sfx_1763,amb,ogg,q4
sfx_1764,combat,ogg,q4
sfx_1765,ui,ogg,q4
sfx_1766,amb,ogg,q4
sfx_1767,combat,ogg,q4
sfx_1768,ui,ogg,q4
sfx_1769,amb,ogg,q4
sfx_1770,combat,ogg,q4
sfx_1771,ui,ogg,q4
sfx_1772,amb,ogg,q4
sfx_1773,combat,ogg,q4
sfx_1774,ui,ogg,q4
sfx_1775,amb,ogg,q4
sfx_1776,combat,ogg,q4
sfx_1777,ui,ogg,q4
sfx_1778,amb,ogg,q4
sfx_1779,combat,ogg,q4
sfx_1780,ui,ogg,q4
sfx_1781,amb,ogg,q4
sfx_1782,combat,ogg,q4
sfx_1783,ui,ogg,q4
sfx_1784,amb,ogg,q4
sfx_1785,combat,ogg,q4
sfx_1786,ui,ogg,q4
sfx_1787,amb,ogg,q4
sfx_1788,combat,ogg,q4
sfx_1789,ui,ogg,q4
sfx_1790,amb,ogg,q4
sfx_1791,combat,ogg,q4
sfx_1792,ui,ogg,q4
sfx_1793,amb,ogg,q4
sfx_1794,combat,ogg,q4
sfx_1795,ui,ogg,q4
sfx_1796,amb,ogg,q4
sfx_1797,combat,ogg,q4
sfx_1798,ui,ogg,q4
sfx_1799,amb,ogg,q4
sfx_1800,combat,ogg,q4
sfx_1801,ui,ogg,q4
sfx_1802,amb,ogg,q4
sfx_1803,combat,ogg,q4
sfx_1804,ui,ogg,q4
sfx_1805,amb,ogg,q4
sfx_1806,combat,ogg,q4
sfx_1807,ui,ogg,q4
sfx_1808,amb,ogg,q4
sfx_1809,combat,ogg,q4
sfx_1810,ui,ogg,q4
sfx_1811,amb,ogg,q4
sfx_1812,combat,ogg,q4
sfx_1813,ui,ogg,q4
sfx_1814,amb,ogg,q4
sfx_1815,combat,ogg,q4
sfx_1816,ui,ogg,q4
sfx_1817,amb,ogg,q4
sfx_1818,combat,ogg,q4
sfx_1819,ui,ogg,q4
sfx_1820,amb,ogg,q4
sfx_1821,combat,ogg,q4
sfx_1822,ui,ogg,q4
sfx_1823,amb,ogg,q4
sfx_1824,combat,ogg,q4
sfx_1825,ui,ogg,q4
sfx_1826,amb,ogg,q4
sfx_1827,combat,ogg,q4
sfx_1828,ui,ogg,q4
sfx_1829,amb,ogg,q4
sfx_1830,combat,ogg,q4
sfx_1831,ui,ogg,q4
sfx_1832,amb,ogg,q4
sfx_1833,combat,ogg,q4
sfx_1834,ui,ogg,q4
sfx_1835,amb,ogg,q4
sfx_1836,combat,ogg,q4
sfx_1837,ui,ogg,q4
sfx_1838,amb,ogg,q4
sfx_1839,combat,ogg,q4
sfx_1840,ui,ogg,q4
sfx_1841,amb,ogg,q4
sfx_1842,combat,ogg,q4
sfx_1843,ui,ogg,q4
sfx_1844,amb,ogg,q4
sfx_1845,combat,ogg,q4
sfx_1846,ui,ogg,q4
sfx_1847,amb,ogg,q4
sfx_1848,combat,ogg,q4
sfx_1849,ui,ogg,q4
sfx_1850,amb,ogg,q4
sfx_1851,combat,ogg,q4
sfx_1852,ui,ogg,q4
sfx_1853,amb,ogg,q4
sfx_1854,combat,ogg,q4
sfx_1855,ui,ogg,q4
sfx_1856,amb,ogg,q4
sfx_1857,combat,ogg,q4
sfx_1858,ui,ogg,q4
sfx_1859,amb,ogg,q4
sfx_1860,combat,ogg,q4
sfx_1861,ui,ogg,q4
sfx_1862,amb,ogg,q4
sfx_1863,combat,ogg,q4
sfx_1864,ui,ogg,q4
sfx_1865,amb,ogg,q4
sfx_1866,combat,ogg,q4
sfx_1867,ui,ogg,q4
sfx_1868,amb,ogg,q4
sfx_1869,combat,ogg,q4
sfx_1870,ui,ogg,q4
sfx_1871,amb,ogg,q4
sfx_1872,combat,ogg,q4
sfx_1873,ui,ogg,q4
sfx_1874,amb,ogg,q4
sfx_1875,combat,ogg,q4
sfx_1876,ui,ogg,q4
sfx_1877,amb,ogg,q4
sfx_1878,combat,ogg,q4
sfx_1879,ui,ogg,q4
sfx_1880,amb,ogg,q4
sfx_1881,combat,ogg,q4
sfx_1882,ui,ogg,q4
sfx_1883,amb,ogg,q4
sfx_1884,combat,ogg,q4
sfx_1885,ui,ogg,q4
sfx_1886,amb,ogg,q4
sfx_1887,combat,ogg,q4
sfx_1888,ui,ogg,q4
sfx_1889,amb,ogg,q4
sfx_1890,combat,ogg,q4
sfx_1891,ui,ogg,q4
sfx_1892,amb,ogg,q4
sfx_1893,combat,ogg,q4
sfx_1894,ui,ogg,q4
sfx_1895,amb,ogg,q4
sfx_1896,combat,ogg,q4
sfx_1897,ui,ogg,q4
sfx_1898,amb,ogg,q4
sfx_1899,combat,ogg,q4
sfx_1900,ui,ogg,q4
sfx_1901,amb,ogg,q4
sfx_1902,combat,ogg,q4
sfx_1903,ui,ogg,q4
sfx_1904,amb,ogg,q4
sfx_1905,combat,ogg,q4
sfx_1906,ui,ogg,q4
sfx_1907,amb,ogg,q4
sfx_1908,combat,ogg,q4
sfx_1909,ui,ogg,q4
sfx_1910,amb,ogg,q4
sfx_1911,combat,ogg,q4
sfx_1912,ui,ogg,q4
sfx_1913,amb,ogg,q4
sfx_1914,combat,ogg,q4
sfx_1915,ui,ogg,q4
sfx_1916,amb,ogg,q4
sfx_1917,combat,ogg,q4
sfx_1918,ui,ogg,q4
sfx_1919,amb,ogg,q4
sfx_1920,combat,ogg,q4
sfx_1921,ui,ogg,q4
sfx_1922,amb,ogg,q4
sfx_1923,combat,ogg,q4
sfx_1924,ui,ogg,q4
sfx_1925,amb,ogg,q4
sfx_1926,combat,ogg,q4
sfx_1927,ui,ogg,q4
sfx_1928,amb,ogg,q4
sfx_1929,combat,ogg,q4
sfx_1930,ui,ogg,q4
sfx_1931,amb,ogg,q4
sfx_1932,combat,ogg,q4
sfx_1933,ui,ogg,q4
sfx_1934,amb,ogg,q4
sfx_1935,combat,ogg,q4
sfx_1936,ui,ogg,q4
sfx_1937,amb,ogg,q4
sfx_1938,combat,ogg,q4
sfx_1939,ui,ogg,q4
sfx_1940,amb,ogg,q4
sfx_1941,combat,ogg,q4
sfx_1942,ui,ogg,q4
sfx_1943,amb,ogg,q4
sfx_1944,combat,ogg,q4
sfx_1945,ui,ogg,q4
sfx_1946,amb,ogg,q4
sfx_1947,combat,ogg,q4
sfx_1948,ui,ogg,q4
sfx_1949,amb,ogg,q4
sfx_1950,combat,ogg,q4
sfx_1951,ui,ogg,q4
sfx_1952,amb,ogg,q4
sfx_1953,combat,ogg,q4
sfx_1954,ui,ogg,q4
sfx_1955,amb,ogg,q4
sfx_1956,combat,ogg,q4
sfx_1957,ui,ogg,q4
sfx_1958,amb,ogg,q4
sfx_1959,combat,ogg,q4
sfx_1960,ui,ogg,q4
sfx_1961,amb,ogg,q4
sfx_1962,combat,ogg,q4
sfx_1963,ui,ogg,q4
sfx_1964,amb,ogg,q4
sfx_1965,combat,ogg,q4
sfx_1966,ui,ogg,q4
sfx_1967,amb,ogg,q4
sfx_1968,combat,ogg,q4
sfx_1969,ui,ogg,q4
sfx_1970,amb,ogg,q4
sfx_1971,combat,ogg,q4
sfx_1972,ui,ogg,q4
sfx_1973,amb,ogg,q4
sfx_1974,combat,ogg,q4
sfx_1975,ui,ogg,q4
sfx_1976,amb,ogg,q4
sfx_1977,combat,ogg,q4
sfx_1978,ui,ogg,q4
sfx_1979,amb,ogg,q4
sfx_1980,combat,ogg,q4
sfx_1981,ui,ogg,q4
sfx_1982,amb,ogg,q4
sfx_1983,combat,ogg,q4
sfx_1984,ui,ogg,q4
sfx_1985,amb,ogg,q4
sfx_1986,combat,ogg,q4
sfx_1987,ui,ogg,q4
sfx_1988,amb,ogg,q4
sfx_1989,combat,ogg,q4
sfx_1990,ui,ogg,q4
sfx_1991,amb,ogg,q4
sfx_1992,combat,ogg,q4
sfx_1993,ui,ogg,q4
sfx_1994,amb,ogg,q4
sfx_1995,combat,ogg,q4
sfx_1996,ui,ogg,q4
sfx_1997,amb,ogg,q4
sfx_1998,combat,ogg,q4
sfx_1999,ui,ogg,q4
sfx_2000,amb,ogg,q4
sfx_2001,combat,ogg,q4
sfx_2002,ui,ogg,q4
sfx_2003,amb,ogg,q4
sfx_2004,combat,ogg,q4
sfx_2005,ui,ogg,q4
sfx_2006,amb,ogg,q4
sfx_2007,combat,ogg,q4
sfx_2008,ui,ogg,q4
sfx_2009,amb,ogg,q4
sfx_2010,combat,ogg,q4
sfx_2011,ui,ogg,q4
sfx_2012,amb,ogg,q4
sfx_2013,combat,ogg,q4
sfx_2014,ui,ogg,q4
sfx_2015,amb,ogg,q4
sfx_2016,combat,ogg,q4
sfx_2017,ui,ogg,q4
sfx_2018,amb,ogg,q4
sfx_2019,combat,ogg,q4
sfx_2020,ui,ogg,q4
sfx_2021,amb,ogg,q4
sfx_2022,combat,ogg,q4
sfx_2023,ui,ogg,q4
sfx_2024,amb,ogg,q4
sfx_2025,combat,ogg,q4
sfx_2026,ui,ogg,q4
sfx_2027,amb,ogg,q4
sfx_2028,combat,ogg,q4
sfx_2029,ui,ogg,q4
sfx_2030,amb,ogg,q4
sfx_2031,combat,ogg,q4
sfx_2032,ui,ogg,q4
sfx_2033,amb,ogg,q4
sfx_2034,combat,ogg,q4
sfx_2035,ui,ogg,q4
sfx_2036,amb,ogg,q4
sfx_2037,combat,ogg,q4
sfx_2038,ui,ogg,q4
sfx_2039,amb,ogg,q4
sfx_2040,combat,ogg,q4
sfx_2041,ui,ogg,q4
sfx_2042,amb,ogg,q4
sfx_2043,combat,ogg,q4
sfx_2044,ui,ogg,q4
sfx_2045,amb,ogg,q4
sfx_2046,combat,ogg,q4
sfx_2047,ui,ogg,q4
sfx_2048,amb,ogg,q4
sfx_2049,combat,ogg,q4
sfx_2050,ui,ogg,q4
sfx_2051,amb,ogg,q4
sfx_2052,combat,ogg,q4
sfx_2053,ui,ogg,q4
sfx_2054,amb,ogg,q4
sfx_2055,combat,ogg,q4
sfx_2056,ui,ogg,q4
sfx_2057,amb,ogg,q4
sfx_2058,combat,ogg,q4
sfx_2059,ui,ogg,q4
sfx_2060,amb,ogg,q4
sfx_2061,combat,ogg,q4
sfx_2062,ui,ogg,q4
sfx_2063,amb,ogg,q4
sfx_2064,combat,ogg,q4
sfx_2065,ui,ogg,q4
sfx_2066,amb,ogg,q4
sfx_2067,combat,ogg,q4
sfx_2068,ui,ogg,q4
sfx_2069,amb,ogg,q4
sfx_2070,combat,ogg,q4
sfx_2071,ui,ogg,q4
sfx_2072,amb,ogg,q4
sfx_2073,combat,ogg,q4
sfx_2074,ui,ogg,q4
sfx_2075,amb,ogg,q4
sfx_2076,combat,ogg,q4
sfx_2077,ui,ogg,q4
sfx_2078,amb,ogg,q4
sfx_2079,combat,ogg,q4
sfx_2080,ui,ogg,q4
sfx_2081,amb,ogg,q4
sfx_2082,combat,ogg,q4
sfx_2083,ui,ogg,q4
sfx_2084,amb,ogg,q4
sfx_2085,combat,ogg,q4
sfx_2086,ui,ogg,q4
sfx_2087,amb,ogg,q4
sfx_2088,combat,ogg,q4
sfx_2089,ui,ogg,q4
sfx_2090,amb,ogg,q4
sfx_2091,combat,ogg,q4
sfx_2092,ui,ogg,q4
sfx_2093,amb,ogg,q4
sfx_2094,combat,ogg,q4
sfx_2095,ui,ogg,q4
sfx_2096,amb,ogg,q4
sfx_2097,combat,ogg,q4
sfx_2098,ui,ogg,q4
sfx_2099,amb,ogg,q4
sfx_2100,combat,ogg,q4
sfx_2101,ui,ogg,q4
sfx_2102,amb,ogg,q4
sfx_2103,combat,ogg,q4
sfx_2104,ui,ogg,q4
sfx_2105,amb,ogg,q4
sfx_2106,combat,ogg,q4
sfx_2107,ui,ogg,q4
sfx_2108,amb,ogg,q4
sfx_2109,combat,ogg,q4
sfx_2110,ui,ogg,q4
sfx_2111,amb,ogg,q4
sfx_2112,combat,ogg,q4
sfx_2113,ui,ogg,q4
sfx_2114,amb,ogg,q4
sfx_2115,combat,ogg,q4
sfx_2116,ui,ogg,q4
sfx_2117,amb,ogg,q4
sfx_2118,combat,ogg,q4
sfx_2119,ui,ogg,q4
sfx_2120,amb,ogg,q4
sfx_2121,combat,ogg,q4
sfx_2122,ui,ogg,q4
sfx_2123,amb,ogg,q4
sfx_2124,combat,ogg,q4
sfx_2125,ui,ogg,q4
sfx_2126,amb,ogg,q4
sfx_2127,combat,ogg,q4
sfx_2128,ui,ogg,q4
sfx_2129,amb,ogg,q4
sfx_2130,combat,ogg,q4
sfx_2131,ui,ogg,q4
sfx_2132,amb,ogg,q4
sfx_2133,combat,ogg,q4
sfx_2134,ui,ogg,q4
sfx_2135,amb,ogg,q4
sfx_2136,combat,ogg,q4
sfx_2137,ui,ogg,q4
sfx_2138,amb,ogg,q4
sfx_2139,combat,ogg,q4
sfx_2140,ui,ogg,q4
sfx_2141,amb,ogg,q4
sfx_2142,combat,ogg,q4
sfx_2143,ui,ogg,q4
sfx_2144,amb,ogg,q4
sfx_2145,combat,ogg,q4
sfx_2146,ui,ogg,q4
sfx_2147,amb,ogg,q4
sfx_2148,combat,ogg,q4
sfx_2149,ui,ogg,q4
sfx_2150,amb,ogg,q4
sfx_2151,combat,ogg,q4
sfx_2152,ui,ogg,q4
sfx_2153,amb,ogg,q4
sfx_2154,combat,ogg,q4
sfx_2155,ui,ogg,q4
sfx_2156,amb,ogg,q4
sfx_2157,combat,ogg,q4
sfx_2158,ui,ogg,q4
sfx_2159,amb,ogg,q4
sfx_2160,combat,ogg,q4
sfx_2161,ui,ogg,q4
sfx_2162,amb,ogg,q4
sfx_2163,combat,ogg,q4
sfx_2164,ui,ogg,q4
sfx_2165,amb,ogg,q4
sfx_2166,combat,ogg,q4
sfx_2167,ui,ogg,q4
sfx_2168,amb,ogg,q4
sfx_2169,combat,ogg,q4
sfx_2170,ui,ogg,q4
sfx_2171,amb,ogg,q4
sfx_2172,combat,ogg,q4
sfx_2173,ui,ogg,q4
sfx_2174,amb,ogg,q4
sfx_2175,combat,ogg,q4
sfx_2176,ui,ogg,q4
sfx_2177,amb,ogg,q4
sfx_2178,combat,ogg,q4
sfx_2179,ui,ogg,q4
sfx_2180,amb,ogg,q4
sfx_2181,combat,ogg,q4
sfx_2182,ui,ogg,q4
sfx_2183,amb,ogg,q4
sfx_2184,combat,ogg,q4
sfx_2185,ui,ogg,q4
sfx_2186,amb,ogg,q4
sfx_2187,combat,ogg,q4
sfx_2188,ui,ogg,q4
sfx_2189,amb,ogg,q4
sfx_2190,combat,ogg,q4
sfx_2191,ui,ogg,q4
sfx_2192,amb,ogg,q4
sfx_2193,combat,ogg,q4
sfx_2194,ui,ogg,q4
sfx_2195,amb,ogg,q4
sfx_2196,combat,ogg,q4
sfx_2197,ui,ogg,q4
sfx_2198,amb,ogg,q4
sfx_2199,combat,ogg,q4
sfx_2200,ui,ogg,q4
sfx_2201,amb,ogg,q4
sfx_2202,combat,ogg,q4
sfx_2203,ui,ogg,q4
sfx_2204,amb,ogg,q4
sfx_2205,combat,ogg,q4
sfx_2206,ui,ogg,q4
sfx_2207,amb,ogg,q4
sfx_2208,combat,ogg,q4
sfx_2209,ui,ogg,q4
sfx_2210,amb,ogg,q4
sfx_2211,combat,ogg,q4
sfx_2212,ui,ogg,q4
sfx_2213,amb,ogg,q4
sfx_2214,combat,ogg,q4
sfx_2215,ui,ogg,q4
sfx_2216,amb,ogg,q4
sfx_2217,combat,ogg,q4
sfx_2218,ui,ogg,q4
sfx_2219,amb,ogg,q4
sfx_2220,combat,ogg,q4
sfx_2221,ui,ogg,q4
sfx_2222,amb,ogg,q4
sfx_2223,combat,ogg,q4
sfx_2224,ui,ogg,q4
sfx_2225,amb,ogg,q4
sfx_2226,combat,ogg,q4
sfx_2227,ui,ogg,q4
sfx_2228,amb,ogg,q4
sfx_2229,combat,ogg,q4
sfx_2230,ui,ogg,q4
sfx_2231,amb,ogg,q4
sfx_2232,combat,ogg,q4
sfx_2233,ui,ogg,q4
sfx_2234,amb,ogg,q4
sfx_2235,combat,ogg,q4
sfx_2236,ui,ogg,q4
sfx_2237,amb,ogg,q4
sfx_2238,combat,ogg,q4
sfx_2239,ui,ogg,q4
sfx_2240,amb,ogg,q4
sfx_2241,combat,ogg,q4
sfx_2242,ui,ogg,q4
sfx_2243,amb,ogg,q4
sfx_2244,combat,ogg,q4
sfx_2245,ui,ogg,q4
sfx_2246,amb,ogg,q4
sfx_2247,combat,ogg,q4
sfx_2248,ui,ogg,q4
sfx_2249,amb,ogg,q4
sfx_2250,combat,ogg,q4
sfx_2251,ui,ogg,q4
sfx_2252,amb,ogg,q4
sfx_2253,combat,ogg,q4
sfx_2254,ui,ogg,q4
sfx_2255,amb,ogg,q4
sfx_2256,combat,ogg,q4
sfx_2257,ui,ogg,q4
sfx_2258,amb,ogg,q4
sfx_2259,combat,ogg,q4
sfx_2260,ui,ogg,q4
sfx_2261,amb,ogg,q4
sfx_2262,combat,ogg,q4
sfx_2263,ui,ogg,q4
sfx_2264,amb,ogg,q4
sfx_2265,combat,ogg,q4
sfx_2266,ui,ogg,q4
sfx_2267,amb,ogg,q4
sfx_2268,combat,ogg,q4
sfx_2269,ui,ogg,q4
sfx_2270,amb,ogg,q4
sfx_2271,combat,ogg,q4
sfx_2272,ui,ogg,q4
sfx_2273,amb,ogg,q4
sfx_2274,combat,ogg,q4
sfx_2275,ui,ogg,q4
sfx_2276,amb,ogg,q4
sfx_2277,combat,ogg,q4
sfx_2278,ui,ogg,q4
sfx_2279,amb,ogg,q4
sfx_2280,combat,ogg,q4
sfx_2281,ui,ogg,q4
sfx_2282,amb,ogg,q4
sfx_2283,combat,ogg,q4
sfx_2284,ui,ogg,q4
sfx_2285,amb,ogg,q4
sfx_2286,combat,ogg,q4
sfx_2287,ui,ogg,q4
sfx_2288,amb,ogg,q4
sfx_2289,combat,ogg,q4
sfx_2290,ui,ogg,q4
sfx_2291,amb,ogg,q4
sfx_2292,combat,ogg,q4
sfx_2293,ui,ogg,q4
sfx_2294,amb,ogg,q4
sfx_2295,combat,ogg,q4
sfx_2296,ui,ogg,q4
sfx_2297,amb,ogg,q4
sfx_2298,combat,ogg,q4
sfx_2299,ui,ogg,q4
sfx_2300,amb,ogg,q4
sfx_2301,combat,ogg,q4
sfx_2302,ui,ogg,q4
sfx_2303,amb,ogg,q4
sfx_2304,combat,ogg,q4
sfx_2305,ui,ogg,q4
sfx_2306,amb,ogg,q4
sfx_2307,combat,ogg,q4
sfx_2308,ui,ogg,q4
sfx_2309,amb,ogg,q4
sfx_2310,combat,ogg,q4
sfx_2311,ui,ogg,q4
sfx_2312,amb,ogg,q4
sfx_2313,combat,ogg,q4
sfx_2314,ui,ogg,q4
sfx_2315,amb,ogg,q4
sfx_2316,combat,ogg,q4
sfx_2317,ui,ogg,q4
sfx_2318,amb,ogg,q4
sfx_2319,combat,ogg,q4
sfx_2320,ui,ogg,q4
sfx_2321,amb,ogg,q4
sfx_2322,combat,ogg,q4
sfx_2323,ui,ogg,q4
sfx_2324,amb,ogg,q4
sfx_2325,combat,ogg,q4
sfx_2326,ui,ogg,q4
sfx_2327,amb,ogg,q4
sfx_2328,combat,ogg,q4
sfx_2329,ui,ogg,q4
sfx_2330,amb,ogg,q4
sfx_2331,combat,ogg,q4
sfx_2332,ui,ogg,q4
sfx_2333,amb,ogg,q4
sfx_2334,combat,ogg,q4
sfx_2335,ui,ogg,q4
sfx_2336,amb,ogg,q4
sfx_2337,combat,ogg,q4
sfx_2338,ui,ogg,q4
sfx_2339,amb,ogg,q4
sfx_2340,combat,ogg,q4
sfx_2341,ui,ogg,q4
sfx_2342,amb,ogg,q4
sfx_2343,combat,ogg,q4
sfx_2344,ui,ogg,q4
sfx_2345,amb,ogg,q4
sfx_2346,combat,ogg,q4
sfx_2347,ui,ogg,q4
sfx_2348,amb,ogg,q4
sfx_2349,combat,ogg,q4
sfx_2350,ui,ogg,q4
sfx_2351,amb,ogg,q4
sfx_2352,combat,ogg,q4
sfx_2353,ui,ogg,q4
sfx_2354,amb,ogg,q4
sfx_2355,combat,ogg,q4
sfx_2356,ui,ogg,q4
sfx_2357,amb,ogg,q4
sfx_2358,combat,ogg,q4
sfx_2359,ui,ogg,q4
sfx_2360,amb,ogg,q4
sfx_2361,combat,ogg,q4
sfx_2362,ui,ogg,q4
sfx_2363,amb,ogg,q4
sfx_2364,combat,ogg,q4
sfx_2365,ui,ogg,q4
sfx_2366,amb,ogg,q4
sfx_2367,combat,ogg,q4
sfx_2368,ui,ogg,q4
sfx_2369,amb,ogg,q4
sfx_2370,combat,ogg,q4
sfx_2371,ui,ogg,q4
sfx_2372,amb,ogg,q4
sfx_2373,combat,ogg,q4
sfx_2374,ui,ogg,q4
sfx_2375,amb,ogg,q4
sfx_2376,combat,ogg,q4
sfx_2377,ui,ogg,q4
sfx_2378,amb,ogg,q4
sfx_2379,combat,ogg,q4
sfx_2380,ui,ogg,q4
sfx_2381,amb,ogg,q4
sfx_2382,combat,ogg,q4
sfx_2383,ui,ogg,q4
sfx_2384,amb,ogg,q4
sfx_2385,combat,ogg,q4
sfx_2386,ui,ogg,q4
sfx_2387,amb,ogg,q4
sfx_2388,combat,ogg,q4
sfx_2389,ui,ogg,q4
sfx_2390,amb,ogg,q4
sfx_2391,combat,ogg,q4
sfx_2392,ui,ogg,q4
sfx_2393,amb,ogg,q4
sfx_2394,combat,ogg,q4
sfx_2395,ui,ogg,q4
sfx_2396,amb,ogg,q4
sfx_2397,combat,ogg,q4
sfx_2398,ui,ogg,q4
sfx_2399,amb,ogg,q4
sfx_2400,combat,ogg,q4
sfx_2401,ui,ogg,q4
sfx_2402,amb,ogg,q4
sfx_2403,combat,ogg,q4
sfx_2404,ui,ogg,q4
sfx_2405,amb,ogg,q4
sfx_2406,combat,ogg,q4
sfx_2407,ui,ogg,q4
sfx_2408,amb,ogg,q4
sfx_2409,combat,ogg,q4
sfx_2410,ui,ogg,q4
sfx_2411,amb,ogg,q4
sfx_2412,combat,ogg,q4
sfx_2413,ui,ogg,q4
sfx_2414,amb,ogg,q4
sfx_2415,combat,ogg,q4
sfx_2416,ui,ogg,q4
sfx_2417,amb,ogg,q4
sfx_2418,combat,ogg,q4
sfx_2419,ui,ogg,q4
sfx_2420,amb,ogg,q4
sfx_2421,combat,ogg,q4
sfx_2422,ui,ogg,q4
sfx_2423,amb,ogg,q4
sfx_2424,combat,ogg,q4
sfx_2425,ui,ogg,q4
sfx_2426,amb,ogg,q4
sfx_2427,combat,ogg,q4
sfx_2428,ui,ogg,q4
sfx_2429,amb,ogg,q4
sfx_2430,combat,ogg,q4
sfx_2431,ui,ogg,q4
sfx_2432,amb,ogg,q4
sfx_2433,combat,ogg,q4
sfx_2434,ui,ogg,q4
sfx_2435,amb,ogg,q4
sfx_2436,combat,ogg,q4
sfx_2437,ui,ogg,q4
sfx_2438,amb,ogg,q4
sfx_2439,combat,ogg,q4
sfx_2440,ui,ogg,q4
sfx_2441,amb,ogg,q4
sfx_2442,combat,ogg,q4
sfx_2443,ui,ogg,q4
sfx_2444,amb,ogg,q4
sfx_2445,combat,ogg,q4
sfx_2446,ui,ogg,q4
sfx_2447,amb,ogg,q4
sfx_2448,combat,ogg,q4
sfx_2449,ui,ogg,q4
sfx_2450,amb,ogg,q4
sfx_2451,combat,ogg,q4
sfx_2452,ui,ogg,q4
sfx_2453,amb,ogg,q4
sfx_2454,combat,ogg,q4
sfx_2455,ui,ogg,q4
sfx_2456,amb,ogg,q4
sfx_2457,combat,ogg,q4
sfx_2458,ui,ogg,q4
sfx_2459,amb,ogg,q4
sfx_2460,combat,ogg,q4
sfx_2461,ui,ogg,q4
sfx_2462,amb,ogg,q4
sfx_2463,combat,ogg,q4
sfx_2464,ui,ogg,q4
sfx_2465,amb,ogg,q4
sfx_2466,combat,ogg,q4
sfx_2467,ui,ogg,q4
sfx_2468,amb,ogg,q4
sfx_2469,combat,ogg,q4
sfx_2470,ui,ogg,q4
sfx_2471,amb,ogg,q4
sfx_2472,combat,ogg,q4
sfx_2473,ui,ogg,q4
sfx_2474,amb,ogg,q4
sfx_2475,combat,ogg,q4
sfx_2476,ui,ogg,q4
sfx_2477,amb,ogg,q4
sfx_2478,combat,ogg,q4
sfx_2479,ui,ogg,q4
sfx_2480,amb,ogg,q4
sfx_2481,combat,ogg,q4
sfx_2482,ui,ogg,q4
sfx_2483,amb,ogg,q4
sfx_2484,combat,ogg,q4
sfx_2485,ui,ogg,q4
sfx_2486,amb,ogg,q4
sfx_2487,combat,ogg,q4
sfx_2488,ui,ogg,q4
sfx_2489,amb,ogg,q4
sfx_2490,combat,ogg,q4
sfx_2491,ui,ogg,q4
sfx_2492,amb,ogg,q4
sfx_2493,combat,ogg,q4
sfx_2494,ui,ogg,q4
sfx_2495,amb,ogg,q4
sfx_2496,combat,ogg,q4
sfx_2497,ui,ogg,q4
sfx_2498,amb,ogg,q4
sfx_2499,combat,ogg,q4
sfx_2500,ui,ogg,q4
