id,group,width,height
sheet_001,fx,1024,1024
sheet_002,characters,1024,1024
sheet_003,fx,1024,1024
sheet_004,characters,1024,1024
sheet_005,fx,1024,1024
sheet_006,characters,1024,1024
sheet_007,fx,1024,1024
sheet_008,characters,1024,1024
sheet_009,fx,1024,1024
sheet_010,characters,1024,1024
sheet_011,fx,1024,1024
sheet_012,characters,1024,1024
sheet_013,fx,1024,1024
sheet_014,characters,1024,1024
sheet_015,fx,1024,1024
sheet_016,characters,1024,1024
sheet_017,fx,1024,1024
sheet_018,characters,1024,1024
sheet_019,fx,1024,1024
sheet_020,characters,1024,1024
sheet_021,fx,1024,1024
sheet_022,characters,1024,1024
sheet_023,fx,1024,1024
sheet_024,characters,1024,1024
sheet_025,fx,1024,1024
sheet_026,characters,1024,1024
sheet_027,fx,1024,1024
sheet_028,characters,1024,1024
sheet_029,fx,1024,1024
sheet_030,characters,1024,1024
sheet_031,fx,1024,1024
sheet_032,characters,1024,1024
sheet_033,fx,1024,1024
sheet_034,characters,1024,1024
sheet_035,fx,1024,1024
sheet_036,characters,1024,1024
sheet_037,fx,1024,1024
sheet_038,characters,1024,1024
sheet_039,fx,1024,1024
sheet_040,characters,1024,1024
sheet_041,fx,1024,1024
sheet_042,characters,1024,1024
sheet_043,fx,1024,1024
sheet_044,characters,1024,1024
sheet_045,fx,1024,1024
sheet_046,characters,1024,1024
sheet_047,fx,1024,1024
sheet_048,characters,1024,1024
sheet_049,fx,1024,1024
sheet_050,characters,1024,1024
sheet_051,fx,1024,1024
sheet_052,characters,1024,1024
sheet_053,fx,1024,1024
sheet_054,characters,1024,1024
sheet_055,fx,1024,1024
sheet_056,characters,1024,1024
sheet_057,fx,1024,1024
sheet_058,characters,1024,1024
sheet_059,fx,1024,1024
sheet_060,characters,1024,1024
sheet_061,fx,1024,1024
sheet_062,characters,1024,1024
sheet_063,fx,1024,1024
sheet_064,characters,1024,1024
sheet_065,fx,1024,1024
sheet_066,characters,1024,1024
sheet_067,fx,1024,1024
sheet_068,characters,1024,1024
sheet_069,fx,1024,1024
sheet_070,characters,1024,1024
sheet_071,fx,1024,1024
sheet_072,characters,1024,1024
sheet_073,fx,1024,1024
sheet_074,characters,1024,1024
sheet_075,fx,1024,1024
sheet_076,characters,1024,1024
sheet_077,fx,1024,1024
sheet_078,characters,1024,1024
sheet_079,fx,1024,1024
sheet_080,characters,1024,1024
sheet_081,fx,1024,1024
sheet_082,characters,1024,1024
sheet_083,fx,1024,1024
sheet_084,characters,1024,1024
sheet_085,fx,1024,1024
sheet_086,characters,1024,1024
sheet_087,fx,1024,1024
sheet_088,characters,1024,1024
sheet_089,fx,1024,1024
sheet_090,characters,1024,1024
sheet_091,fx,1024,1024
sheet_092,characters,1024,1024
sheet_093,fx,1024,1024
sheet_094,characters,1024,1024
sheet_095,fx,1024,1024
sheet_096,characters,1024,1024
sheet_097,fx,1024,1024
sheet_098,characters,1024,1024
sheet_099,fx,1024,1024
sheet_100,characters,1024,1024
sheet_101,fx,1024,1024
sheet_102,characters,1024,1024
sheet_103,fx,1024,1024
sheet_104,characters,1024,1024
sheet_105,fx,1024,1024
sheet_106,characters,1024,1024
sheet_107,fx,1024,1024
sheet_108,characters,1024,1024
sheet_109,fx,1024,1024
sheet_110,characters,1024,1024
sheet_111,fx,1024,1024
sheet_112,characters,1024,1024
sheet_113,fx,1024,1024
sheet_114,characters,1024,1024
sheet_115,fx,1024,1024
sheet_116,characters,1024,1024
sheet_117,fx,1024,1024
sheet_118,characters,1024,1024
sheet_119,fx,1024,1024
sheet_120,characters,1024,1024
sheet_121,fx,1024,1024
sheet_122,characters,1024,1024
sheet_123,fx,1024,1024
sheet_124,characters,1024,1024
sheet_125,fx,1024,1024
sheet_126,characters,1024,1024
sheet_127,fx,1024,1024
sheet_128,characters,1024,1024
sheet_129,fx,1024,1024
sheet_130,characters,1024,1024
sheet_131,fx,1024,1024
sheet_132,characters,1024,1024
sheet_133,fx,1024,1024
sheet_134,characters,1024,1024
sheet_135,fx,1024,1024
sheet_136,characters,1024,1024
sheet_137,fx,1024,1024
sheet_138,characters,1024,1024
sheet_139,fx,1024,1024
sheet_140,characters,1024,1024
sheet_141,fx,1024,1024
sheet_142,characters,1024,1024
sheet_143,fx,1024,1024
sheet_144,characters,1024,1024
sheet_145,fx,1024,1024
sheet_146,characters,1024,1024
sheet_147,fx,1024,1024
sheet_148,characters,1024,1024
sheet_149,fx,1024,1024
sheet_150,characters,1024,1024
sheet_151,fx,1024,1024
sheet_152,characters,1024,1024
sheet_153,fx,1024,1024
sheet_154,characters,1024,1024
sheet_155,fx,1024,1024
sheet_156,characters,1024,1024
sheet_157,fx,1024,1024
sheet_158,characters,1024,1024
sheet_159,fx,1024,1024
sheet_160,characters,1024,1024
sheet_161,fx,1024,1024
sheet_162,characters,1024,1024
sheet_163,fx,1024,1024
sheet_164,characters,1024,1024
sheet_165,fx,1024,1024
sheet_166,characters,1024,1024
sheet_167,fx,1024,1024
sheet_168,characters,1024,1024
sheet_169,fx,1024,1024
sheet_170,characters,1024,1024
sheet_171,fx,1024,1024
sheet_172,characters,1024,1024
sheet_173,fx,1024,1024
sheet_174,characters,1024,1024
sheet_175,fx,1024,1024
sheet_176,characters,1024,1024
sheet_177,fx,1024,1024
sheet_178,characters,1024,1024
sheet_179,fx,1024,1024
sheet_180,characters,1024,1024
