id,profile,length_seconds,notes
track_001,mood_1,205,layered
track_002,mood_2,181,layered
track_003,mood_3,211,layered
track_004,mood_4,140,layered
track_005,mood_5,172,layered
track_006,mood_0,154,layered
track_007,mood_1,191,layered
track_008,mood_2,169,layered
track_009,mood_3,197,layered
track_010,mood_4,220,layered
track_011,mood_5,185,layered
track_012,mood_0,168,layered
track_013,mood_1,149,layered
track_014,mood_2,218,layered
track_015,mood_3,158,layered
track_016,mood_4,197,layered
track_017,mood_5,145,layered
track_018,mood_0,182,layered
track_019,mood_1,202,layered
track_020,mood_2,159,layered
track_021,mood_3,150,layered
track_022,mood_4,218,layered
track_023,mood_5,217,layered
track_024,mood_0,185,layered
track_025,mood_1,218,layered
track_026,mood_2,152,layered
track_027,mood_3,157,layered
track_028,mood_4,201,layered
track_029,mood_5,184,layered
track_030,mood_0,197,layered
track_031,mood_1,218,layered
track_032,mood_2,171,layered
track_033,mood_3,202,layered
track_034,mood_4,183,layered
track_035,mood_5,180,layered
track_036,mood_0,184,layered
track_037,mood_1,173,layered
track_038,mood_2,156,layered
track_039,mood_3,179,layered
track_040,mood_4,211,layered
track_041,mood_5,167,layered
track_042,mood_0,196,layered
track_043,mood_1,147,layered
track_044,mood_2,176,layered
track_045,mood_3,215,layered
track_046,mood_4,192,layered
track_047,mood_5,149,layered
track_048,mood_0,203,layered
track_049,mood_1,201,layered
track_050,mood_2,201,layered
track_051,mood_3,141,layered
track_052,mood_4,154,layered
track_053,mood_5,178,layered
track_054,mood_0,214,layered
track_055,mood_1,215,layered
track_056,mood_2,190,layered
track_057,mood_3,203,layered
track_058,mood_4,195,layered
track_059,mood_5,142,layered
track_060,mood_0,199,layered
track_061,mood_1,198,layered
track_062,mood_2,183,layered
track_063,mood_3,173,layered
track_064,mood_4,172,layered
track_065,mood_5,159,layered
track_066,mood_0,167,layered
track_067,mood_1,195,layered
track_068,mood_2,172,layered
track_069,mood_3,157,layered
track_070,mood_4,211,layered
track_071,mood_5,148,layered
track_072,mood_0,153,layered
track_073,mood_1,142,layered
track_074,mood_2,183,layered
track_075,mood_3,175,layered
track_076,mood_4,216,layered
track_077,mood_5,156,layered
track_078,mood_0,144,layered
track_079,mood_1,142,layered
track_080,mood_2,176,layered
track_081,mood_3,188,layered
track_082,mood_4,217,layered
track_083,mood_5,204,layered
track_084,mood_0,167,layered
track_085,mood_1,144,layered
track_086,mood_2,190,layered
track_087,mood_3,180,layered
track_088,mood_4,184,layered
track_089,mood_5,164,layered
track_090,mood_0,208,layered
track_091,mood_1,201,layered
track_092,mood_2,141,layered
track_093,mood_3,185,layered
track_094,mood_4,198,layered
track_095,mood_5,173,layered
track_096,mood_0,220,layered
track_097,mood_1,207,layered
track_098,mood_2,152,layered
track_099,mood_3,196,layered
track_100,mood_4,185,layered
